#
# There is insufficient memory for the Java Runtime Environment to continue.
# Native memory allocation (mmap) failed to map 202375168 bytes. Error detail: G1 virtual space
# Possible reasons:
#   The system is out of physical RAM or swap space
#   This process is running with CompressedOops enabled, and the Java Heap may be blocking the growth of the native heap
# Possible solutions:
#   Reduce memory load on the system
#   Increase physical memory or swap space
#   Check if swap backing store is full
#   Decrease Java heap size (-Xmx/-Xms)
#   Decrease number of Java threads
#   Decrease Java thread stack sizes (-Xss)
#   Set larger code cache with -XX:ReservedCodeCacheSize=
#   JVM is running with Unscaled Compressed Oops mode in which the Java heap is
#     placed in the first 4GB address space. The Java Heap base address is the
#     maximum limit for the native heap growth. Please use -XX:HeapBaseMinAddress
#     to set the Java Heap base and to place the Java Heap above 4GB virtual address.
# This output file may be truncated or incomplete.
#
#  Out of Memory Error (os_windows.cpp:3714), pid=38464, tid=12688
#
# JRE version: OpenJDK Runtime Environment Temurin-21.0.10+7 (21.0.10+7) (build 21.0.10+7-LTS)
# Java VM: OpenJDK 64-Bit Server VM Temurin-21.0.10+7 (21.0.10+7-LTS, mixed mode, tiered, compressed oops, compressed class ptrs, g1 gc, windows-amd64)
# No core dump will be written. Minidumps are not enabled by default on client versions of Windows
#

---------------  S U M M A R Y ------------

Command Line: -Xms64m -Xmx2048m -Dapp.name=ltex-ls-plus -Dapp.repo=c:\Users\leost\.vscode\extensions\ltex-plus.vscode-ltex-plus-15.7.1\lib\ltex-ls-plus-18.7.0\lib -Dapp.home=c:\Users\leost\.vscode\extensions\ltex-plus.vscode-ltex-plus-15.7.1\lib\ltex-ls-plus-18.7.0 -Dbasedir=c:\Users\leost\.vscode\extensions\ltex-plus.vscode-ltex-plus-15.7.1\lib\ltex-ls-plus-18.7.0 org.bsplines.ltexls.LtexLanguageServerLauncher

Host: AMD Ryzen 7 5800HS with Radeon Graphics         , 16 cores, 15G,  Windows 11 , 64 bit Build 22621 (10.0.22621.5415)
Time: Thu Sep  3 14:44:55 2026 AUS Eastern Standard Time elapsed time: 9.829827 seconds (0d 0h 0m 9s)

---------------  T H R E A D  ---------------

Current thread (0x000001d2fd1803d0):  VMThread "VM Thread"          [id=12688, stack(0x00000078d6500000,0x00000078d6600000) (1024K)]

Stack: [0x00000078d6500000,0x00000078d6600000]
Native frames: (J=compiled Java code, j=interpreted, Vv=VM code, C=native code)
V  [jvm.dll+0x6d7a39]
V  [jvm.dll+0x8b4b26]
V  [jvm.dll+0x8b70de]
V  [jvm.dll+0x8b77c3]
V  [jvm.dll+0x284346]
V  [jvm.dll+0x6d4355]
V  [jvm.dll+0x6c808a]
V  [jvm.dll+0x35edb8]
V  [jvm.dll+0x3669f6]
V  [jvm.dll+0x3b7afe]
V  [jvm.dll+0x3b7da8]
V  [jvm.dll+0x332fbc]
V  [jvm.dll+0x333047]
V  [jvm.dll+0x376e1c]
V  [jvm.dll+0x3755be]
V  [jvm.dll+0x332701]
V  [jvm.dll+0x374c2a]
V  [jvm.dll+0x8bd4b0]
V  [jvm.dll+0x8be824]
V  [jvm.dll+0x8bed50]
V  [jvm.dll+0x8beff3]
V  [jvm.dll+0x85f59d]
V  [jvm.dll+0x6d626d]
C  [ucrtbase.dll+0x29333]
C  [KERNEL32.DLL+0x1259d]
C  [ntdll.dll+0x5af78]

VM_Operation (0x00000078d5efe500): G1CollectForAllocation, mode: safepoint, requested by thread 0x000001d2e56fcfc0


---------------  P R O C E S S  ---------------

Threads class SMR info:
_java_thread_list=0x000001d2fdce5930, length=13, elements={
0x000001d2e56fcfc0, 0x000001d2fd1cda90, 0x000001d2fd1cfdf0, 0x000001d2fd1e48e0,
0x000001d2fd1e1a30, 0x000001d2fd1efbc0, 0x000001d2fd1f0980, 0x000001d2fd1f5c20,
0x000001d2fd1f6a20, 0x000001d2fd290290, 0x000001d2fd48b8a0, 0x000001d2fd44f430,
0x000001d2fee9c870
}

Java Threads: ( => current thread )
  0x000001d2e56fcfc0 JavaThread "main"                              [_thread_blocked, id=15596, stack(0x00000078d5e00000,0x00000078d5f00000) (1024K)]
  0x000001d2fd1cda90 JavaThread "Reference Handler"          daemon [_thread_blocked, id=31484, stack(0x00000078d6600000,0x00000078d6700000) (1024K)]
  0x000001d2fd1cfdf0 JavaThread "Finalizer"                  daemon [_thread_blocked, id=35312, stack(0x00000078d6700000,0x00000078d6800000) (1024K)]
  0x000001d2fd1e48e0 JavaThread "Signal Dispatcher"          daemon [_thread_blocked, id=21072, stack(0x00000078d6800000,0x00000078d6900000) (1024K)]
  0x000001d2fd1e1a30 JavaThread "Attach Listener"            daemon [_thread_blocked, id=25444, stack(0x00000078d6900000,0x00000078d6a00000) (1024K)]
  0x000001d2fd1efbc0 JavaThread "Service Thread"             daemon [_thread_blocked, id=31544, stack(0x00000078d6a00000,0x00000078d6b00000) (1024K)]
  0x000001d2fd1f0980 JavaThread "Monitor Deflation Thread"   daemon [_thread_blocked, id=38700, stack(0x00000078d6b00000,0x00000078d6c00000) (1024K)]
  0x000001d2fd1f5c20 JavaThread "C2 CompilerThread0"         daemon [_thread_in_native, id=28796, stack(0x00000078d6c00000,0x00000078d6d00000) (1024K)]
  0x000001d2fd1f6a20 JavaThread "C1 CompilerThread0"         daemon [_thread_blocked, id=9768, stack(0x00000078d6d00000,0x00000078d6e00000) (1024K)]
  0x000001d2fd290290 JavaThread "C1 CompilerThread1"         daemon [_thread_blocked, id=9472, stack(0x00000078d6e00000,0x00000078d6f00000) (1024K)]
  0x000001d2fd48b8a0 JavaThread "Notification Thread"        daemon [_thread_blocked, id=42224, stack(0x00000078d6f00000,0x00000078d7000000) (1024K)]
  0x000001d2fd44f430 JavaThread "Common-Cleaner"             daemon [_thread_blocked, id=37200, stack(0x00000078d7000000,0x00000078d7100000) (1024K)]
  0x000001d2fee9c870 JavaThread "C1 CompilerThread2"         daemon [_thread_blocked, id=29620, stack(0x00000078d7900000,0x00000078d7a00000) (1024K)]
Total: 13

Other Threads:
=>0x000001d2fd1803d0 VMThread "VM Thread"                           [id=12688, stack(0x00000078d6500000,0x00000078d6600000) (1024K)]
  0x000001d2fd0a7080 WatcherThread "VM Periodic Task Thread"        [id=33480, stack(0x00000078d6400000,0x00000078d6500000) (1024K)]
  0x000001d2e57572f0 WorkerThread "GC Thread#0"                     [id=38168, stack(0x00000078d5f00000,0x00000078d6000000) (1024K)]
  0x000001d2fe242dd0 WorkerThread "GC Thread#1"                     [id=29736, stack(0x00000078d7200000,0x00000078d7300000) (1024K)]
  0x000001d2fe261bc0 WorkerThread "GC Thread#2"                     [id=21236, stack(0x00000078d7300000,0x00000078d7400000) (1024K)]
  0x000001d2fe261f70 WorkerThread "GC Thread#3"                     [id=18208, stack(0x00000078d7400000,0x00000078d7500000) (1024K)]
  0x000001d2fe262320 WorkerThread "GC Thread#4"                     [id=19240, stack(0x00000078d7500000,0x00000078d7600000) (1024K)]
  0x000001d2fe262ce0 WorkerThread "GC Thread#5"                     [id=33504, stack(0x00000078d7600000,0x00000078d7700000) (1024K)]
  0x000001d2fec792f0 WorkerThread "GC Thread#6"                     [id=21972, stack(0x00000078d7a00000,0x00000078d7b00000) (1024K)]
  0x000001d2fec796a0 WorkerThread "GC Thread#7"                     [id=27376, stack(0x00000078d7b00000,0x00000078d7c00000) (1024K)]
  0x000001d2fec79a50 WorkerThread "GC Thread#8"                     [id=37008, stack(0x00000078d7c00000,0x00000078d7d00000) (1024K)]
  0x000001d2fed0d7a0 WorkerThread "GC Thread#9"                     [id=39268, stack(0x00000078d7d00000,0x00000078d7e00000) (1024K)]
  0x000001d2fed0db50 WorkerThread "GC Thread#10"                    [id=19412, stack(0x00000078d7e00000,0x00000078d7f00000) (1024K)]
  0x000001d2fed0df00 WorkerThread "GC Thread#11"                    [id=33992, stack(0x00000078d7f00000,0x00000078d8000000) (1024K)]
  0x000001d2fee5f190 WorkerThread "GC Thread#12"                    [id=19708, stack(0x00000078d8500000,0x00000078d8600000) (1024K)]
  0x000001d2e57694a0 ConcurrentGCThread "G1 Main Marker"            [id=6868, stack(0x00000078d6000000,0x00000078d6100000) (1024K)]
  0x000001d2e576a750 WorkerThread "G1 Conc#0"                       [id=9628, stack(0x00000078d6100000,0x00000078d6200000) (1024K)]
  0x000001d2fe2640c0 WorkerThread "G1 Conc#1"                       [id=36704, stack(0x00000078d8000000,0x00000078d8100000) (1024K)]
  0x000001d2fe48ae40 WorkerThread "G1 Conc#2"                       [id=39236, stack(0x00000078d8100000,0x00000078d8200000) (1024K)]
  0x000001d2fcf76260 ConcurrentGCThread "G1 Refine#0"               [id=19176, stack(0x00000078d6200000,0x00000078d6300000) (1024K)]
  0x000001d2fcf78c00 ConcurrentGCThread "G1 Service"                [id=26428, stack(0x00000078d6300000,0x00000078d6400000) (1024K)]
Total: 21

Threads with active compile tasks:
C2 CompilerThread0  9853 4551   !   4       morfologik.stemming.DictionaryLookup::lookup (613 bytes)
Total: 1

VM state: at safepoint (normal execution)

VM Mutex/Monitor currently owned by a thread:  ([mutex/lock_event])
[0x00007ffee441e560] Threads_lock - owner thread: 0x000001d2fd1803d0
[0x00007ffee441e660] Heap_lock - owner thread: 0x000001d2e56fcfc0

Heap address: 0x0000000080000000, size: 2048 MB, Compressed Oops mode: 32-bit

CDS archive(s) not mapped
Compressed class space mapped at: 0x0000000100000000-0x0000000140000000, reserved size: 1073741824
Narrow klass base: 0x0000000000000000, Narrow klass shift: 3, Narrow klass range: 0x140000000

GC Precious Log:
 CardTable entry size: 512
 Card Set container configuration: InlinePtr #cards 5 size 8 Array Of Cards #cards 12 size 40 Howl #buckets 4 coarsen threshold 1843 Howl Bitmap #cards 512 size 80 coarsen threshold 460 Card regions per heap region 1 cards per card region 2048
 CPUs: 16 total, 16 available
 Memory: 15775M
 Large Page Support: Disabled
 NUMA Support: Disabled
 Compressed Oops: Enabled (32-bit)
 Heap Region Size: 1M
 Heap Min Capacity: 64M
 Heap Initial Capacity: 64M
 Heap Max Capacity: 2G
 Pre-touch: Disabled
 Parallel Workers: 13
 Concurrent Workers: 3
 Concurrent Refinement Workers: 13
 Periodic GC: Disabled

Heap:
 garbage-first heap   total 473088K, used 296545K [0x0000000080000000, 0x0000000100000000)
  region size 1024K, 13 young (13312K), 13 survivors (13312K)
 Metaspace       used 25858K, committed 26176K, reserved 1114112K
  class space    used 2576K, committed 2752K, reserved 1048576K

Heap Regions: E=young(eden), S=young(survivor), O=old, HS=humongous(starts), HC=humongous(continues), CS=collection set, F=free, TAMS=top-at-mark-start, PB=parsable bottom
|   0|0x0000000080000000, 0x0000000080100000, 0x0000000080100000|100%| O|  |TAMS 0x0000000080100000| PB 0x0000000080000000| Untracked 
|   1|0x0000000080100000, 0x0000000080200000, 0x0000000080200000|100%| O|  |TAMS 0x0000000080200000| PB 0x0000000080100000| Untracked 
|   2|0x0000000080200000, 0x0000000080300000, 0x0000000080300000|100%| O|  |TAMS 0x0000000080300000| PB 0x0000000080200000| Untracked 
|   3|0x0000000080300000, 0x0000000080400000, 0x0000000080400000|100%| O|  |TAMS 0x0000000080400000| PB 0x0000000080300000| Untracked 
|   4|0x0000000080400000, 0x0000000080500000, 0x0000000080500000|100%| O|  |TAMS 0x0000000080500000| PB 0x0000000080400000| Untracked 
|   5|0x0000000080500000, 0x0000000080600000, 0x0000000080600000|100%| O|  |TAMS 0x0000000080600000| PB 0x0000000080500000| Untracked 
|   6|0x0000000080600000, 0x0000000080700000, 0x0000000080700000|100%| O|  |TAMS 0x0000000080700000| PB 0x0000000080600000| Untracked 
|   7|0x0000000080700000, 0x0000000080800000, 0x0000000080800000|100%|HS|  |TAMS 0x0000000080800000| PB 0x0000000080700000| Complete 
|   8|0x0000000080800000, 0x0000000080900000, 0x0000000080900000|100%| O|  |TAMS 0x0000000080900000| PB 0x0000000080800000| Untracked 
|   9|0x0000000080900000, 0x0000000080a00000, 0x0000000080a00000|100%| O|  |TAMS 0x0000000080a00000| PB 0x0000000080900000| Untracked 
|  10|0x0000000080a00000, 0x0000000080b00000, 0x0000000080b00000|100%| O|  |TAMS 0x0000000080b00000| PB 0x0000000080a00000| Untracked 
|  11|0x0000000080b00000, 0x0000000080c00000, 0x0000000080c00000|100%| O|  |TAMS 0x0000000080c00000| PB 0x0000000080b00000| Untracked 
|  12|0x0000000080c00000, 0x0000000080d00000, 0x0000000080d00000|100%| O|  |TAMS 0x0000000080d00000| PB 0x0000000080c00000| Untracked 
|  13|0x0000000080d00000, 0x0000000080e00000, 0x0000000080e00000|100%| O|  |TAMS 0x0000000080e00000| PB 0x0000000080d00000| Untracked 
|  14|0x0000000080e00000, 0x0000000080f00000, 0x0000000080f00000|100%| O|  |TAMS 0x0000000080f00000| PB 0x0000000080e00000| Untracked 
|  15|0x0000000080f00000, 0x0000000081000000, 0x0000000081000000|100%| O|  |TAMS 0x0000000081000000| PB 0x0000000080f00000| Untracked 
|  16|0x0000000081000000, 0x0000000081100000, 0x0000000081100000|100%| O|  |TAMS 0x0000000081100000| PB 0x0000000081000000| Untracked 
|  17|0x0000000081100000, 0x0000000081200000, 0x0000000081200000|100%| O|  |TAMS 0x0000000081200000| PB 0x0000000081100000| Untracked 
|  18|0x0000000081200000, 0x0000000081300000, 0x0000000081300000|100%| O|  |TAMS 0x0000000081300000| PB 0x0000000081200000| Untracked 
|  19|0x0000000081300000, 0x0000000081400000, 0x0000000081400000|100%| O|  |TAMS 0x0000000081400000| PB 0x0000000081300000| Untracked 
|  20|0x0000000081400000, 0x0000000081500000, 0x0000000081500000|100%| O|  |TAMS 0x0000000081500000| PB 0x0000000081400000| Untracked 
|  21|0x0000000081500000, 0x0000000081600000, 0x0000000081600000|100%|HS|  |TAMS 0x0000000081600000| PB 0x0000000081500000| Complete 
|  22|0x0000000081600000, 0x0000000081700000, 0x0000000081700000|100%| O|  |TAMS 0x0000000081700000| PB 0x0000000081600000| Untracked 
|  23|0x0000000081700000, 0x0000000081800000, 0x0000000081800000|100%| O|  |TAMS 0x0000000081800000| PB 0x0000000081700000| Untracked 
|  24|0x0000000081800000, 0x0000000081900000, 0x0000000081900000|100%| O|  |TAMS 0x0000000081900000| PB 0x0000000081800000| Untracked 
|  25|0x0000000081900000, 0x0000000081a00000, 0x0000000081a00000|100%|HS|  |TAMS 0x0000000081a00000| PB 0x0000000081900000| Complete 
|  26|0x0000000081a00000, 0x0000000081b00000, 0x0000000081b00000|100%| O|  |TAMS 0x0000000081b00000| PB 0x0000000081a00000| Untracked 
|  27|0x0000000081b00000, 0x0000000081c00000, 0x0000000081c00000|100%| O|  |TAMS 0x0000000081c00000| PB 0x0000000081b00000| Untracked 
|  28|0x0000000081c00000, 0x0000000081d00000, 0x0000000081d00000|100%| O|  |TAMS 0x0000000081d00000| PB 0x0000000081c00000| Untracked 
|  29|0x0000000081d00000, 0x0000000081e00000, 0x0000000081e00000|100%| O|  |TAMS 0x0000000081e00000| PB 0x0000000081d00000| Untracked 
|  30|0x0000000081e00000, 0x0000000081f00000, 0x0000000081f00000|100%| O|  |TAMS 0x0000000081f00000| PB 0x0000000081e00000| Untracked 
|  31|0x0000000081f00000, 0x0000000082000000, 0x0000000082000000|100%| O|  |TAMS 0x0000000082000000| PB 0x0000000081f00000| Untracked 
|  32|0x0000000082000000, 0x0000000082100000, 0x0000000082100000|100%| O|  |TAMS 0x0000000082100000| PB 0x0000000082000000| Untracked 
|  33|0x0000000082100000, 0x0000000082200000, 0x0000000082200000|100%| O|  |TAMS 0x0000000082200000| PB 0x0000000082100000| Untracked 
|  34|0x0000000082200000, 0x0000000082300000, 0x0000000082300000|100%| O|  |TAMS 0x0000000082300000| PB 0x0000000082200000| Untracked 
|  35|0x0000000082300000, 0x0000000082400000, 0x0000000082400000|100%| O|  |TAMS 0x0000000082400000| PB 0x0000000082300000| Untracked 
|  36|0x0000000082400000, 0x0000000082500000, 0x0000000082500000|100%| O|  |TAMS 0x0000000082500000| PB 0x0000000082400000| Untracked 
|  37|0x0000000082500000, 0x0000000082600000, 0x0000000082600000|100%| O|  |TAMS 0x0000000082600000| PB 0x0000000082500000| Untracked 
|  38|0x0000000082600000, 0x0000000082700000, 0x0000000082700000|100%|HS|  |TAMS 0x0000000082700000| PB 0x0000000082600000| Complete 
|  39|0x0000000082700000, 0x0000000082800000, 0x0000000082800000|100%| O|  |TAMS 0x0000000082800000| PB 0x0000000082700000| Untracked 
|  40|0x0000000082800000, 0x0000000082900000, 0x0000000082900000|100%| O|  |TAMS 0x0000000082900000| PB 0x0000000082800000| Untracked 
|  41|0x0000000082900000, 0x0000000082a00000, 0x0000000082a00000|100%| O|  |TAMS 0x0000000082a00000| PB 0x0000000082900000| Untracked 
|  42|0x0000000082a00000, 0x0000000082b00000, 0x0000000082b00000|100%| O|  |TAMS 0x0000000082b00000| PB 0x0000000082a00000| Untracked 
|  43|0x0000000082b00000, 0x0000000082c00000, 0x0000000082c00000|100%|HS|  |TAMS 0x0000000082c00000| PB 0x0000000082b00000| Complete 
|  44|0x0000000082c00000, 0x0000000082d00000, 0x0000000082d00000|100%| O|  |TAMS 0x0000000082d00000| PB 0x0000000082c00000| Untracked 
|  45|0x0000000082d00000, 0x0000000082e00000, 0x0000000082e00000|100%| O|  |TAMS 0x0000000082e00000| PB 0x0000000082d00000| Untracked 
|  46|0x0000000082e00000, 0x0000000082f00000, 0x0000000082f00000|100%| O|  |TAMS 0x0000000082f00000| PB 0x0000000082e00000| Untracked 
|  47|0x0000000082f00000, 0x0000000083000000, 0x0000000083000000|100%| O|  |TAMS 0x0000000083000000| PB 0x0000000082f00000| Untracked 
|  48|0x0000000083000000, 0x0000000083100000, 0x0000000083100000|100%| O|  |TAMS 0x0000000083100000| PB 0x0000000083000000| Untracked 
|  49|0x0000000083100000, 0x0000000083200000, 0x0000000083200000|100%| O|  |TAMS 0x0000000083200000| PB 0x0000000083100000| Untracked 
|  50|0x0000000083200000, 0x0000000083300000, 0x0000000083300000|100%| O|  |TAMS 0x0000000083300000| PB 0x0000000083200000| Untracked 
|  51|0x0000000083300000, 0x0000000083400000, 0x0000000083400000|100%| O|  |TAMS 0x0000000083400000| PB 0x0000000083300000| Untracked 
|  52|0x0000000083400000, 0x0000000083500000, 0x0000000083500000|100%| O|  |TAMS 0x0000000083500000| PB 0x0000000083400000| Untracked 
|  53|0x0000000083500000, 0x0000000083600000, 0x0000000083600000|100%| O|  |TAMS 0x0000000083600000| PB 0x0000000083500000| Untracked 
|  54|0x0000000083600000, 0x0000000083700000, 0x0000000083700000|100%| O|  |TAMS 0x0000000083700000| PB 0x0000000083600000| Untracked 
|  55|0x0000000083700000, 0x0000000083800000, 0x0000000083800000|100%| O|  |TAMS 0x0000000083800000| PB 0x0000000083700000| Untracked 
|  56|0x0000000083800000, 0x0000000083900000, 0x0000000083900000|100%| O|  |TAMS 0x0000000083900000| PB 0x0000000083800000| Untracked 
|  57|0x0000000083900000, 0x0000000083a00000, 0x0000000083a00000|100%| O|  |TAMS 0x0000000083a00000| PB 0x0000000083900000| Untracked 
|  58|0x0000000083a00000, 0x0000000083b00000, 0x0000000083b00000|100%| O|  |TAMS 0x0000000083b00000| PB 0x0000000083a00000| Untracked 
|  59|0x0000000083b00000, 0x0000000083c00000, 0x0000000083c00000|100%| O|  |TAMS 0x0000000083c00000| PB 0x0000000083b00000| Untracked 
|  60|0x0000000083c00000, 0x0000000083d00000, 0x0000000083d00000|100%| O|  |TAMS 0x0000000083d00000| PB 0x0000000083c00000| Untracked 
|  61|0x0000000083d00000, 0x0000000083e00000, 0x0000000083e00000|100%| O|  |TAMS 0x0000000083e00000| PB 0x0000000083d00000| Untracked 
|  62|0x0000000083e00000, 0x0000000083f00000, 0x0000000083f00000|100%| O|  |TAMS 0x0000000083f00000| PB 0x0000000083e00000| Untracked 
|  63|0x0000000083f00000, 0x0000000084000000, 0x0000000084000000|100%| O|  |TAMS 0x0000000084000000| PB 0x0000000083f00000| Untracked 
|  64|0x0000000084000000, 0x0000000084100000, 0x0000000084100000|100%| O|  |TAMS 0x0000000084100000| PB 0x0000000084000000| Untracked 
|  65|0x0000000084100000, 0x0000000084200000, 0x0000000084200000|100%| O|  |TAMS 0x0000000084200000| PB 0x0000000084100000| Untracked 
|  66|0x0000000084200000, 0x0000000084300000, 0x0000000084300000|100%|HS|  |TAMS 0x0000000084300000| PB 0x0000000084200000| Complete 
|  67|0x0000000084300000, 0x0000000084400000, 0x0000000084400000|100%|HC|  |TAMS 0x0000000084400000| PB 0x0000000084300000| Complete 
|  68|0x0000000084400000, 0x0000000084500000, 0x0000000084500000|100%|HC|  |TAMS 0x0000000084500000| PB 0x0000000084400000| Complete 
|  69|0x0000000084500000, 0x0000000084600000, 0x0000000084600000|100%|HS|  |TAMS 0x0000000084600000| PB 0x0000000084500000| Complete 
|  70|0x0000000084600000, 0x0000000084700000, 0x0000000084700000|100%| O|  |TAMS 0x0000000084700000| PB 0x0000000084600000| Untracked 
|  71|0x0000000084700000, 0x0000000084800000, 0x0000000084800000|100%| O|  |TAMS 0x0000000084800000| PB 0x0000000084700000| Untracked 
|  72|0x0000000084800000, 0x0000000084900000, 0x0000000084900000|100%| O|  |TAMS 0x0000000084900000| PB 0x0000000084800000| Untracked 
|  73|0x0000000084900000, 0x0000000084a00000, 0x0000000084a00000|100%| O|  |TAMS 0x0000000084a00000| PB 0x0000000084900000| Untracked 
|  74|0x0000000084a00000, 0x0000000084b00000, 0x0000000084b00000|100%| O|  |TAMS 0x0000000084b00000| PB 0x0000000084a00000| Untracked 
|  75|0x0000000084b00000, 0x0000000084c00000, 0x0000000084c00000|100%| O|  |TAMS 0x0000000084c00000| PB 0x0000000084b00000| Untracked 
|  76|0x0000000084c00000, 0x0000000084d00000, 0x0000000084d00000|100%| O|  |TAMS 0x0000000084d00000| PB 0x0000000084c00000| Untracked 
|  77|0x0000000084d00000, 0x0000000084e00000, 0x0000000084e00000|100%| O|  |TAMS 0x0000000084e00000| PB 0x0000000084d00000| Untracked 
|  78|0x0000000084e00000, 0x0000000084f00000, 0x0000000084f00000|100%| O|  |TAMS 0x0000000084f00000| PB 0x0000000084e00000| Untracked 
|  79|0x0000000084f00000, 0x0000000085000000, 0x0000000085000000|100%| O|  |TAMS 0x0000000085000000| PB 0x0000000084f00000| Untracked 
|  80|0x0000000085000000, 0x0000000085100000, 0x0000000085100000|100%| O|  |TAMS 0x0000000085100000| PB 0x0000000085000000| Untracked 
|  81|0x0000000085100000, 0x0000000085200000, 0x0000000085200000|100%| O|  |TAMS 0x0000000085200000| PB 0x0000000085100000| Untracked 
|  82|0x0000000085200000, 0x0000000085300000, 0x0000000085300000|100%| O|  |TAMS 0x0000000085300000| PB 0x0000000085200000| Untracked 
|  83|0x0000000085300000, 0x0000000085400000, 0x0000000085400000|100%| O|  |TAMS 0x0000000085400000| PB 0x0000000085300000| Untracked 
|  84|0x0000000085400000, 0x0000000085500000, 0x0000000085500000|100%| O|  |TAMS 0x0000000085500000| PB 0x0000000085400000| Untracked 
|  85|0x0000000085500000, 0x0000000085600000, 0x0000000085600000|100%| O|  |TAMS 0x0000000085600000| PB 0x0000000085500000| Untracked 
|  86|0x0000000085600000, 0x0000000085700000, 0x0000000085700000|100%| O|  |TAMS 0x0000000085700000| PB 0x0000000085600000| Untracked 
|  87|0x0000000085700000, 0x0000000085800000, 0x0000000085800000|100%| O|  |TAMS 0x0000000085800000| PB 0x0000000085700000| Untracked 
|  88|0x0000000085800000, 0x0000000085900000, 0x0000000085900000|100%| O|  |TAMS 0x0000000085900000| PB 0x0000000085800000| Untracked 
|  89|0x0000000085900000, 0x0000000085a00000, 0x0000000085a00000|100%| O|  |TAMS 0x0000000085a00000| PB 0x0000000085900000| Untracked 
|  90|0x0000000085a00000, 0x0000000085b00000, 0x0000000085b00000|100%| O|  |TAMS 0x0000000085b00000| PB 0x0000000085a00000| Untracked 
|  91|0x0000000085b00000, 0x0000000085c00000, 0x0000000085c00000|100%| O|  |TAMS 0x0000000085c00000| PB 0x0000000085b00000| Untracked 
|  92|0x0000000085c00000, 0x0000000085d00000, 0x0000000085d00000|100%| O|  |TAMS 0x0000000085d00000| PB 0x0000000085c00000| Untracked 
|  93|0x0000000085d00000, 0x0000000085e00000, 0x0000000085e00000|100%| O|  |TAMS 0x0000000085e00000| PB 0x0000000085d00000| Untracked 
|  94|0x0000000085e00000, 0x0000000085f00000, 0x0000000085f00000|100%| O|  |TAMS 0x0000000085f00000| PB 0x0000000085e00000| Untracked 
|  95|0x0000000085f00000, 0x0000000086000000, 0x0000000086000000|100%| O|  |TAMS 0x0000000086000000| PB 0x0000000085f00000| Untracked 
|  96|0x0000000086000000, 0x0000000086100000, 0x0000000086100000|100%| O|  |TAMS 0x0000000086100000| PB 0x0000000086000000| Untracked 
|  97|0x0000000086100000, 0x0000000086200000, 0x0000000086200000|100%| O|  |TAMS 0x0000000086200000| PB 0x0000000086100000| Untracked 
|  98|0x0000000086200000, 0x0000000086300000, 0x0000000086300000|100%| O|  |TAMS 0x0000000086300000| PB 0x0000000086200000| Untracked 
|  99|0x0000000086300000, 0x0000000086400000, 0x0000000086400000|100%| O|  |TAMS 0x0000000086400000| PB 0x0000000086300000| Untracked 
| 100|0x0000000086400000, 0x0000000086500000, 0x0000000086500000|100%| O|  |TAMS 0x0000000086400000| PB 0x0000000086400000| Untracked 
| 101|0x0000000086500000, 0x0000000086600000, 0x0000000086600000|100%| O|  |TAMS 0x0000000086600000| PB 0x0000000086500000| Untracked 
| 102|0x0000000086600000, 0x0000000086700000, 0x0000000086700000|100%| O|  |TAMS 0x0000000086700000| PB 0x0000000086600000| Untracked 
| 103|0x0000000086700000, 0x0000000086800000, 0x0000000086800000|100%| O|  |TAMS 0x0000000086800000| PB 0x0000000086700000| Untracked 
| 104|0x0000000086800000, 0x0000000086900000, 0x0000000086900000|100%| O|  |TAMS 0x0000000086900000| PB 0x0000000086800000| Untracked 
| 105|0x0000000086900000, 0x0000000086a00000, 0x0000000086a00000|100%| O|  |TAMS 0x0000000086a00000| PB 0x0000000086900000| Untracked 
| 106|0x0000000086a00000, 0x0000000086b00000, 0x0000000086b00000|100%| O|  |TAMS 0x0000000086b00000| PB 0x0000000086a00000| Untracked 
| 107|0x0000000086b00000, 0x0000000086c00000, 0x0000000086c00000|100%| O|  |TAMS 0x0000000086c00000| PB 0x0000000086b00000| Untracked 
| 108|0x0000000086c00000, 0x0000000086d00000, 0x0000000086d00000|100%| O|  |TAMS 0x0000000086d00000| PB 0x0000000086c00000| Untracked 
| 109|0x0000000086d00000, 0x0000000086e00000, 0x0000000086e00000|100%| O|  |TAMS 0x0000000086d00000| PB 0x0000000086d00000| Untracked 
| 110|0x0000000086e00000, 0x0000000086f00000, 0x0000000086f00000|100%|HS|  |TAMS 0x0000000086f00000| PB 0x0000000086e00000| Complete 
| 111|0x0000000086f00000, 0x0000000087000000, 0x0000000087000000|100%|HS|  |TAMS 0x0000000087000000| PB 0x0000000086f00000| Complete 
| 112|0x0000000087000000, 0x0000000087100000, 0x0000000087100000|100%|HS|  |TAMS 0x0000000087100000| PB 0x0000000087000000| Complete 
| 113|0x0000000087100000, 0x0000000087200000, 0x0000000087200000|100%| O|  |TAMS 0x0000000087200000| PB 0x0000000087100000| Untracked 
| 114|0x0000000087200000, 0x0000000087300000, 0x0000000087300000|100%|HS|  |TAMS 0x0000000087300000| PB 0x0000000087200000| Complete 
| 115|0x0000000087300000, 0x0000000087400000, 0x0000000087400000|100%|HS|  |TAMS 0x0000000087400000| PB 0x0000000087300000| Complete 
| 116|0x0000000087400000, 0x0000000087500000, 0x0000000087500000|100%|HC|  |TAMS 0x0000000087500000| PB 0x0000000087400000| Complete 
| 117|0x0000000087500000, 0x0000000087600000, 0x0000000087600000|100%| O|  |TAMS 0x0000000087500000| PB 0x0000000087500000| Untracked 
| 118|0x0000000087600000, 0x0000000087700000, 0x0000000087700000|100%| O|  |TAMS 0x0000000087700000| PB 0x0000000087600000| Untracked 
| 119|0x0000000087700000, 0x0000000087800000, 0x0000000087800000|100%| O|  |TAMS 0x0000000087800000| PB 0x0000000087700000| Untracked 
| 120|0x0000000087800000, 0x0000000087900000, 0x0000000087900000|100%| O|  |TAMS 0x0000000087900000| PB 0x0000000087800000| Untracked 
| 121|0x0000000087900000, 0x0000000087a00000, 0x0000000087a00000|100%| O|  |TAMS 0x0000000087a00000| PB 0x0000000087900000| Untracked 
| 122|0x0000000087a00000, 0x0000000087b00000, 0x0000000087b00000|100%| O|  |TAMS 0x0000000087b00000| PB 0x0000000087a00000| Untracked 
| 123|0x0000000087b00000, 0x0000000087c00000, 0x0000000087c00000|100%|HS|  |TAMS 0x0000000087c00000| PB 0x0000000087b00000| Complete 
| 124|0x0000000087c00000, 0x0000000087d00000, 0x0000000087d00000|100%|HC|  |TAMS 0x0000000087d00000| PB 0x0000000087c00000| Complete 
| 125|0x0000000087d00000, 0x0000000087e00000, 0x0000000087e00000|100%|HS|  |TAMS 0x0000000087e00000| PB 0x0000000087d00000| Complete 
| 126|0x0000000087e00000, 0x0000000087f00000, 0x0000000087f00000|100%| O|  |TAMS 0x0000000087f00000| PB 0x0000000087e00000| Untracked 
| 127|0x0000000087f00000, 0x0000000088000000, 0x0000000088000000|100%| O|  |TAMS 0x0000000088000000| PB 0x0000000087f00000| Untracked 
| 128|0x0000000088000000, 0x0000000088100000, 0x0000000088100000|100%| O|  |TAMS 0x0000000088100000| PB 0x0000000088000000| Untracked 
| 129|0x0000000088100000, 0x0000000088200000, 0x0000000088200000|100%| O|  |TAMS 0x0000000088200000| PB 0x0000000088100000| Untracked 
| 130|0x0000000088200000, 0x0000000088300000, 0x0000000088300000|100%| O|  |TAMS 0x0000000088300000| PB 0x0000000088200000| Untracked 
| 131|0x0000000088300000, 0x0000000088400000, 0x0000000088400000|100%| O|  |TAMS 0x0000000088400000| PB 0x0000000088300000| Untracked 
| 132|0x0000000088400000, 0x0000000088500000, 0x0000000088500000|100%| O|  |TAMS 0x0000000088500000| PB 0x0000000088400000| Untracked 
| 133|0x0000000088500000, 0x0000000088600000, 0x0000000088600000|100%| O|  |TAMS 0x0000000088600000| PB 0x0000000088500000| Untracked 
| 134|0x0000000088600000, 0x0000000088700000, 0x0000000088700000|100%| O|  |TAMS 0x0000000088700000| PB 0x0000000088600000| Untracked 
| 135|0x0000000088700000, 0x0000000088800000, 0x0000000088800000|100%| O|  |TAMS 0x0000000088800000| PB 0x0000000088700000| Untracked 
| 136|0x0000000088800000, 0x0000000088900000, 0x0000000088900000|100%| O|  |TAMS 0x0000000088900000| PB 0x0000000088800000| Untracked 
| 137|0x0000000088900000, 0x0000000088a00000, 0x0000000088a00000|100%|HS|  |TAMS 0x0000000088a00000| PB 0x0000000088900000| Complete 
| 138|0x0000000088a00000, 0x0000000088b00000, 0x0000000088b00000|100%|HC|  |TAMS 0x0000000088b00000| PB 0x0000000088a00000| Complete 
| 139|0x0000000088b00000, 0x0000000088c00000, 0x0000000088c00000|100%|HC|  |TAMS 0x0000000088c00000| PB 0x0000000088b00000| Complete 
| 140|0x0000000088c00000, 0x0000000088d00000, 0x0000000088d00000|100%| O|  |TAMS 0x0000000088d00000| PB 0x0000000088c00000| Untracked 
| 141|0x0000000088d00000, 0x0000000088e00000, 0x0000000088e00000|100%| O|  |TAMS 0x0000000088e00000| PB 0x0000000088d00000| Untracked 
| 142|0x0000000088e00000, 0x0000000088f00000, 0x0000000088f00000|100%| O|  |TAMS 0x0000000088f00000| PB 0x0000000088e00000| Untracked 
| 143|0x0000000088f00000, 0x0000000089000000, 0x0000000089000000|100%| O|  |TAMS 0x0000000089000000| PB 0x0000000088f00000| Untracked 
| 144|0x0000000089000000, 0x0000000089100000, 0x0000000089100000|100%| O|  |TAMS 0x0000000089100000| PB 0x0000000089000000| Untracked 
| 145|0x0000000089100000, 0x0000000089200000, 0x0000000089200000|100%| O|  |TAMS 0x0000000089100000| PB 0x0000000089100000| Untracked 
| 146|0x0000000089200000, 0x0000000089300000, 0x0000000089300000|100%|HS|  |TAMS 0x0000000089300000| PB 0x0000000089200000| Complete 
| 147|0x0000000089300000, 0x0000000089400000, 0x0000000089400000|100%|HC|  |TAMS 0x0000000089400000| PB 0x0000000089300000| Complete 
| 148|0x0000000089400000, 0x0000000089500000, 0x0000000089500000|100%| O|  |TAMS 0x0000000089500000| PB 0x0000000089400000| Untracked 
| 149|0x0000000089500000, 0x0000000089600000, 0x0000000089600000|100%| O|  |TAMS 0x0000000089600000| PB 0x0000000089500000| Untracked 
| 150|0x0000000089600000, 0x0000000089700000, 0x0000000089700000|100%| O|  |TAMS 0x0000000089700000| PB 0x0000000089600000| Untracked 
| 151|0x0000000089700000, 0x0000000089800000, 0x0000000089800000|100%| O|  |TAMS 0x0000000089800000| PB 0x0000000089700000| Untracked 
| 152|0x0000000089800000, 0x0000000089900000, 0x0000000089900000|100%| O|  |TAMS 0x0000000089900000| PB 0x0000000089800000| Untracked 
| 153|0x0000000089900000, 0x0000000089a00000, 0x0000000089a00000|100%| O|  |TAMS 0x0000000089a00000| PB 0x0000000089900000| Untracked 
| 154|0x0000000089a00000, 0x0000000089b00000, 0x0000000089b00000|100%| O|  |TAMS 0x0000000089b00000| PB 0x0000000089a00000| Untracked 
| 155|0x0000000089b00000, 0x0000000089c00000, 0x0000000089c00000|100%| O|  |TAMS 0x0000000089c00000| PB 0x0000000089b00000| Untracked 
| 156|0x0000000089c00000, 0x0000000089d00000, 0x0000000089d00000|100%| O|  |TAMS 0x0000000089d00000| PB 0x0000000089c00000| Untracked 
| 157|0x0000000089d00000, 0x0000000089e00000, 0x0000000089e00000|100%| O|  |TAMS 0x0000000089e00000| PB 0x0000000089d00000| Untracked 
| 158|0x0000000089e00000, 0x0000000089f00000, 0x0000000089f00000|100%| O|  |TAMS 0x0000000089f00000| PB 0x0000000089e00000| Untracked 
| 159|0x0000000089f00000, 0x000000008a000000, 0x000000008a000000|100%| O|  |TAMS 0x000000008a000000| PB 0x0000000089f00000| Untracked 
| 160|0x000000008a000000, 0x000000008a100000, 0x000000008a100000|100%| O|  |TAMS 0x000000008a100000| PB 0x000000008a000000| Untracked 
| 161|0x000000008a100000, 0x000000008a200000, 0x000000008a200000|100%| O|  |TAMS 0x000000008a200000| PB 0x000000008a100000| Untracked 
| 162|0x000000008a200000, 0x000000008a300000, 0x000000008a300000|100%| O|  |TAMS 0x000000008a300000| PB 0x000000008a200000| Untracked 
| 163|0x000000008a300000, 0x000000008a400000, 0x000000008a400000|100%| O|  |TAMS 0x000000008a400000| PB 0x000000008a300000| Untracked 
| 164|0x000000008a400000, 0x000000008a500000, 0x000000008a500000|100%| O|  |TAMS 0x000000008a500000| PB 0x000000008a400000| Untracked 
| 165|0x000000008a500000, 0x000000008a600000, 0x000000008a600000|100%| O|  |TAMS 0x000000008a600000| PB 0x000000008a500000| Untracked 
| 166|0x000000008a600000, 0x000000008a700000, 0x000000008a700000|100%| O|  |TAMS 0x000000008a700000| PB 0x000000008a600000| Untracked 
| 167|0x000000008a700000, 0x000000008a800000, 0x000000008a800000|100%| O|  |TAMS 0x000000008a800000| PB 0x000000008a700000| Untracked 
| 168|0x000000008a800000, 0x000000008a900000, 0x000000008a900000|100%| O|  |TAMS 0x000000008a900000| PB 0x000000008a800000| Untracked 
| 169|0x000000008a900000, 0x000000008aa00000, 0x000000008aa00000|100%| O|  |TAMS 0x000000008aa00000| PB 0x000000008a900000| Untracked 
| 170|0x000000008aa00000, 0x000000008ab00000, 0x000000008ab00000|100%| O|  |TAMS 0x000000008ab00000| PB 0x000000008aa00000| Untracked 
| 171|0x000000008ab00000, 0x000000008ac00000, 0x000000008ac00000|100%| O|  |TAMS 0x000000008ac00000| PB 0x000000008ab00000| Untracked 
| 172|0x000000008ac00000, 0x000000008ad00000, 0x000000008ad00000|100%| O|  |TAMS 0x000000008ad00000| PB 0x000000008ac00000| Untracked 
| 173|0x000000008ad00000, 0x000000008ae00000, 0x000000008ae00000|100%| O|  |TAMS 0x000000008ae00000| PB 0x000000008ad00000| Untracked 
| 174|0x000000008ae00000, 0x000000008af00000, 0x000000008af00000|100%| O|  |TAMS 0x000000008af00000| PB 0x000000008ae00000| Untracked 
| 175|0x000000008af00000, 0x000000008b000000, 0x000000008b000000|100%| O|  |TAMS 0x000000008af00000| PB 0x000000008af00000| Untracked 
| 176|0x000000008b000000, 0x000000008b100000, 0x000000008b100000|100%| O|  |TAMS 0x000000008b100000| PB 0x000000008b000000| Untracked 
| 177|0x000000008b100000, 0x000000008b200000, 0x000000008b200000|100%|HS|  |TAMS 0x000000008b200000| PB 0x000000008b100000| Complete 
| 178|0x000000008b200000, 0x000000008b300000, 0x000000008b300000|100%| O|  |TAMS 0x000000008b300000| PB 0x000000008b200000| Untracked 
| 179|0x000000008b300000, 0x000000008b400000, 0x000000008b400000|100%| O|  |TAMS 0x000000008b400000| PB 0x000000008b300000| Untracked 
| 180|0x000000008b400000, 0x000000008b500000, 0x000000008b500000|100%| O|  |TAMS 0x000000008b500000| PB 0x000000008b400000| Untracked 
| 181|0x000000008b500000, 0x000000008b600000, 0x000000008b600000|100%| O|  |TAMS 0x000000008b600000| PB 0x000000008b500000| Untracked 
| 182|0x000000008b600000, 0x000000008b700000, 0x000000008b700000|100%| O|  |TAMS 0x000000008b700000| PB 0x000000008b600000| Untracked 
| 183|0x000000008b700000, 0x000000008b800000, 0x000000008b800000|100%| O|  |TAMS 0x000000008b800000| PB 0x000000008b700000| Untracked 
| 184|0x000000008b800000, 0x000000008b900000, 0x000000008b900000|100%| O|  |TAMS 0x000000008b900000| PB 0x000000008b800000| Untracked 
| 185|0x000000008b900000, 0x000000008ba00000, 0x000000008ba00000|100%| O|  |TAMS 0x000000008ba00000| PB 0x000000008b900000| Untracked 
| 186|0x000000008ba00000, 0x000000008bb00000, 0x000000008bb00000|100%| O|  |TAMS 0x000000008bb00000| PB 0x000000008ba00000| Untracked 
| 187|0x000000008bb00000, 0x000000008bc00000, 0x000000008bc00000|100%| O|  |TAMS 0x000000008bc00000| PB 0x000000008bb00000| Untracked 
| 188|0x000000008bc00000, 0x000000008bd00000, 0x000000008bd00000|100%| O|  |TAMS 0x000000008bd00000| PB 0x000000008bc00000| Untracked 
| 189|0x000000008bd00000, 0x000000008be00000, 0x000000008be00000|100%|HS|  |TAMS 0x000000008be00000| PB 0x000000008bd00000| Complete 
| 190|0x000000008be00000, 0x000000008bf00000, 0x000000008bf00000|100%|HS|  |TAMS 0x000000008bf00000| PB 0x000000008be00000| Complete 
| 191|0x000000008bf00000, 0x000000008c000000, 0x000000008c000000|100%| O|  |TAMS 0x000000008c000000| PB 0x000000008bf00000| Untracked 
| 192|0x000000008c000000, 0x000000008c100000, 0x000000008c100000|100%| O|  |TAMS 0x000000008c100000| PB 0x000000008c000000| Untracked 
| 193|0x000000008c100000, 0x000000008c200000, 0x000000008c200000|100%|HS|  |TAMS 0x000000008c200000| PB 0x000000008c100000| Complete 
| 194|0x000000008c200000, 0x000000008c300000, 0x000000008c300000|100%|HS|  |TAMS 0x000000008c300000| PB 0x000000008c200000| Complete 
| 195|0x000000008c300000, 0x000000008c400000, 0x000000008c400000|100%|HS|  |TAMS 0x000000008c400000| PB 0x000000008c300000| Complete 
| 196|0x000000008c400000, 0x000000008c500000, 0x000000008c500000|100%|HC|  |TAMS 0x000000008c500000| PB 0x000000008c400000| Complete 
| 197|0x000000008c500000, 0x000000008c600000, 0x000000008c600000|100%| O|  |TAMS 0x000000008c600000| PB 0x000000008c500000| Untracked 
| 198|0x000000008c600000, 0x000000008c700000, 0x000000008c700000|100%| O|  |TAMS 0x000000008c700000| PB 0x000000008c600000| Untracked 
| 199|0x000000008c700000, 0x000000008c800000, 0x000000008c800000|100%| O|  |TAMS 0x000000008c800000| PB 0x000000008c700000| Untracked 
| 200|0x000000008c800000, 0x000000008c900000, 0x000000008c900000|100%| O|  |TAMS 0x000000008c900000| PB 0x000000008c800000| Untracked 
| 201|0x000000008c900000, 0x000000008ca00000, 0x000000008ca00000|100%| O|  |TAMS 0x000000008ca00000| PB 0x000000008c900000| Untracked 
| 202|0x000000008ca00000, 0x000000008cb00000, 0x000000008cb00000|100%| O|  |TAMS 0x000000008cb00000| PB 0x000000008ca00000| Untracked 
| 203|0x000000008cb00000, 0x000000008cc00000, 0x000000008cc00000|100%| O|  |TAMS 0x000000008cb00000| PB 0x000000008cb00000| Untracked 
| 204|0x000000008cc00000, 0x000000008cd00000, 0x000000008cd00000|100%| O|  |TAMS 0x000000008cd00000| PB 0x000000008cc00000| Untracked 
| 205|0x000000008cd00000, 0x000000008ce00000, 0x000000008ce00000|100%| O|  |TAMS 0x000000008ce00000| PB 0x000000008cd00000| Untracked 
| 206|0x000000008ce00000, 0x000000008cf00000, 0x000000008cf00000|100%| O|  |TAMS 0x000000008cf00000| PB 0x000000008ce00000| Untracked 
| 207|0x000000008cf00000, 0x000000008d000000, 0x000000008d000000|100%| O|  |TAMS 0x000000008d000000| PB 0x000000008cf00000| Untracked 
| 208|0x000000008d000000, 0x000000008d100000, 0x000000008d100000|100%| O|  |TAMS 0x000000008d100000| PB 0x000000008d000000| Untracked 
| 209|0x000000008d100000, 0x000000008d200000, 0x000000008d200000|100%| O|  |TAMS 0x000000008d200000| PB 0x000000008d100000| Untracked 
| 210|0x000000008d200000, 0x000000008d300000, 0x000000008d300000|100%| O|  |TAMS 0x000000008d300000| PB 0x000000008d200000| Untracked 
| 211|0x000000008d300000, 0x000000008d400000, 0x000000008d400000|100%| O|  |TAMS 0x000000008d400000| PB 0x000000008d300000| Untracked 
| 212|0x000000008d400000, 0x000000008d500000, 0x000000008d500000|100%| O|  |TAMS 0x000000008d500000| PB 0x000000008d400000| Untracked 
| 213|0x000000008d500000, 0x000000008d600000, 0x000000008d600000|100%| O|  |TAMS 0x000000008d600000| PB 0x000000008d500000| Untracked 
| 214|0x000000008d600000, 0x000000008d700000, 0x000000008d700000|100%| O|  |TAMS 0x000000008d700000| PB 0x000000008d600000| Untracked 
| 215|0x000000008d700000, 0x000000008d800000, 0x000000008d800000|100%| O|  |TAMS 0x000000008d800000| PB 0x000000008d700000| Untracked 
| 216|0x000000008d800000, 0x000000008d900000, 0x000000008d900000|100%| O|  |TAMS 0x000000008d900000| PB 0x000000008d800000| Untracked 
| 217|0x000000008d900000, 0x000000008da00000, 0x000000008da00000|100%| O|  |TAMS 0x000000008da00000| PB 0x000000008d900000| Untracked 
| 218|0x000000008da00000, 0x000000008db00000, 0x000000008db00000|100%| O|  |TAMS 0x000000008db00000| PB 0x000000008da00000| Untracked 
| 219|0x000000008db00000, 0x000000008dc00000, 0x000000008dc00000|100%| O|  |TAMS 0x000000008dc00000| PB 0x000000008db00000| Untracked 
| 220|0x000000008dc00000, 0x000000008dd00000, 0x000000008dd00000|100%| O|  |TAMS 0x000000008dd00000| PB 0x000000008dc00000| Untracked 
| 221|0x000000008dd00000, 0x000000008de00000, 0x000000008de00000|100%| O|  |TAMS 0x000000008de00000| PB 0x000000008dd00000| Untracked 
| 222|0x000000008de00000, 0x000000008df00000, 0x000000008df00000|100%| O|  |TAMS 0x000000008de00000| PB 0x000000008de00000| Untracked 
| 223|0x000000008df00000, 0x000000008e000000, 0x000000008e000000|100%| O|  |TAMS 0x000000008df00000| PB 0x000000008df00000| Untracked 
| 224|0x000000008e000000, 0x000000008e100000, 0x000000008e100000|100%| O|  |TAMS 0x000000008e000000| PB 0x000000008e000000| Untracked 
| 225|0x000000008e100000, 0x000000008e200000, 0x000000008e200000|100%| O|  |TAMS 0x000000008e100000| PB 0x000000008e100000| Untracked 
| 226|0x000000008e200000, 0x000000008e300000, 0x000000008e300000|100%| O|  |TAMS 0x000000008e200000| PB 0x000000008e200000| Untracked 
| 227|0x000000008e300000, 0x000000008e400000, 0x000000008e400000|100%|HS|  |TAMS 0x000000008e400000| PB 0x000000008e300000| Complete 
| 228|0x000000008e400000, 0x000000008e500000, 0x000000008e500000|100%|HC|  |TAMS 0x000000008e500000| PB 0x000000008e400000| Complete 
| 229|0x000000008e500000, 0x000000008e600000, 0x000000008e600000|100%|HC|  |TAMS 0x000000008e600000| PB 0x000000008e500000| Complete 
| 230|0x000000008e600000, 0x000000008e700000, 0x000000008e700000|100%| O|  |TAMS 0x000000008e600000| PB 0x000000008e600000| Untracked 
| 231|0x000000008e700000, 0x000000008e800000, 0x000000008e800000|100%| O|  |TAMS 0x000000008e700000| PB 0x000000008e700000| Untracked 
| 232|0x000000008e800000, 0x000000008e900000, 0x000000008e900000|100%| O|  |TAMS 0x000000008e800000| PB 0x000000008e800000| Untracked 
| 233|0x000000008e900000, 0x000000008ea00000, 0x000000008ea00000|100%| O|  |TAMS 0x000000008e900000| PB 0x000000008e900000| Untracked 
| 234|0x000000008ea00000, 0x000000008eb00000, 0x000000008eb00000|100%| O|  |TAMS 0x000000008eb00000| PB 0x000000008ea00000| Untracked 
| 235|0x000000008eb00000, 0x000000008ec00000, 0x000000008ec00000|100%| O|  |TAMS 0x000000008ec00000| PB 0x000000008eb00000| Untracked 
| 236|0x000000008ec00000, 0x000000008ed00000, 0x000000008ed00000|100%| O|  |TAMS 0x000000008ec00000| PB 0x000000008ec00000| Untracked 
| 237|0x000000008ed00000, 0x000000008ee00000, 0x000000008ee00000|100%| O|  |TAMS 0x000000008ed00000| PB 0x000000008ed00000| Untracked 
| 238|0x000000008ee00000, 0x000000008ef00000, 0x000000008ef00000|100%| O|  |TAMS 0x000000008ef00000| PB 0x000000008ee00000| Untracked 
| 239|0x000000008ef00000, 0x000000008f000000, 0x000000008f000000|100%| O|  |TAMS 0x000000008f000000| PB 0x000000008ef00000| Untracked 
| 240|0x000000008f000000, 0x000000008f100000, 0x000000008f100000|100%| O|  |TAMS 0x000000008f100000| PB 0x000000008f000000| Untracked 
| 241|0x000000008f100000, 0x000000008f200000, 0x000000008f200000|100%| O|  |TAMS 0x000000008f200000| PB 0x000000008f100000| Untracked 
| 242|0x000000008f200000, 0x000000008f300000, 0x000000008f300000|100%| O|  |TAMS 0x000000008f300000| PB 0x000000008f200000| Untracked 
| 243|0x000000008f300000, 0x000000008f400000, 0x000000008f400000|100%| O|  |TAMS 0x000000008f400000| PB 0x000000008f300000| Untracked 
| 244|0x000000008f400000, 0x000000008f500000, 0x000000008f500000|100%| O|  |TAMS 0x000000008f500000| PB 0x000000008f400000| Untracked 
| 245|0x000000008f500000, 0x000000008f600000, 0x000000008f600000|100%| O|  |TAMS 0x000000008f600000| PB 0x000000008f500000| Untracked 
| 246|0x000000008f600000, 0x000000008f700000, 0x000000008f700000|100%| O|  |TAMS 0x000000008f600000| PB 0x000000008f600000| Untracked 
| 247|0x000000008f700000, 0x000000008f700000, 0x000000008f800000|  0%| F|  |TAMS 0x000000008f700000| PB 0x000000008f700000| Untracked 
| 248|0x000000008f800000, 0x000000008f800000, 0x000000008f900000|  0%| F|  |TAMS 0x000000008f800000| PB 0x000000008f800000| Untracked 
| 249|0x000000008f900000, 0x000000008f900000, 0x000000008fa00000|  0%| F|  |TAMS 0x000000008f900000| PB 0x000000008f900000| Untracked 
| 250|0x000000008fa00000, 0x000000008fa00000, 0x000000008fb00000|  0%| F|  |TAMS 0x000000008fa00000| PB 0x000000008fa00000| Untracked 
| 251|0x000000008fb00000, 0x000000008fb00000, 0x000000008fc00000|  0%| F|  |TAMS 0x000000008fb00000| PB 0x000000008fb00000| Untracked 
| 252|0x000000008fc00000, 0x000000008fc00000, 0x000000008fd00000|  0%| F|  |TAMS 0x000000008fc00000| PB 0x000000008fc00000| Untracked 
| 253|0x000000008fd00000, 0x000000008fd00000, 0x000000008fe00000|  0%| F|  |TAMS 0x000000008fd00000| PB 0x000000008fd00000| Untracked 
| 254|0x000000008fe00000, 0x000000008fe00000, 0x000000008ff00000|  0%| F|  |TAMS 0x000000008fe00000| PB 0x000000008fe00000| Untracked 
| 255|0x000000008ff00000, 0x000000008ff00000, 0x0000000090000000|  0%| F|  |TAMS 0x000000008ff00000| PB 0x000000008ff00000| Untracked 
| 256|0x0000000090000000, 0x0000000090000000, 0x0000000090100000|  0%| F|  |TAMS 0x0000000090000000| PB 0x0000000090000000| Untracked 
| 257|0x0000000090100000, 0x00000000901984a0, 0x0000000090200000| 59%| S|CS|TAMS 0x0000000090100000| PB 0x0000000090100000| Complete 
| 258|0x0000000090200000, 0x0000000090300000, 0x0000000090300000|100%| S|CS|TAMS 0x0000000090200000| PB 0x0000000090200000| Complete 
| 259|0x0000000090300000, 0x0000000090400000, 0x0000000090400000|100%| S|CS|TAMS 0x0000000090300000| PB 0x0000000090300000| Complete 
| 260|0x0000000090400000, 0x0000000090500000, 0x0000000090500000|100%| S|CS|TAMS 0x0000000090400000| PB 0x0000000090400000| Complete 
| 261|0x0000000090500000, 0x0000000090600000, 0x0000000090600000|100%| S|CS|TAMS 0x0000000090500000| PB 0x0000000090500000| Complete 
| 262|0x0000000090600000, 0x0000000090700000, 0x0000000090700000|100%| S|CS|TAMS 0x0000000090600000| PB 0x0000000090600000| Complete 
| 263|0x0000000090700000, 0x0000000090800000, 0x0000000090800000|100%| S|CS|TAMS 0x0000000090700000| PB 0x0000000090700000| Complete 
| 264|0x0000000090800000, 0x0000000090900000, 0x0000000090900000|100%| S|CS|TAMS 0x0000000090800000| PB 0x0000000090800000| Complete 
| 265|0x0000000090900000, 0x0000000090a00000, 0x0000000090a00000|100%| S|CS|TAMS 0x0000000090900000| PB 0x0000000090900000| Complete 
| 266|0x0000000090a00000, 0x0000000090b00000, 0x0000000090b00000|100%| S|CS|TAMS 0x0000000090a00000| PB 0x0000000090a00000| Complete 
| 267|0x0000000090b00000, 0x0000000090c00000, 0x0000000090c00000|100%| S|CS|TAMS 0x0000000090b00000| PB 0x0000000090b00000| Complete 
| 268|0x0000000090c00000, 0x0000000090d00000, 0x0000000090d00000|100%| S|CS|TAMS 0x0000000090c00000| PB 0x0000000090c00000| Complete 
| 269|0x0000000090d00000, 0x0000000090e00000, 0x0000000090e00000|100%| S|CS|TAMS 0x0000000090d00000| PB 0x0000000090d00000| Complete 
| 270|0x0000000090e00000, 0x0000000090e00000, 0x0000000090f00000|  0%| F|  |TAMS 0x0000000090e00000| PB 0x0000000090e00000| Untracked 
| 271|0x0000000090f00000, 0x0000000090f00000, 0x0000000091000000|  0%| F|  |TAMS 0x0000000090f00000| PB 0x0000000090f00000| Untracked 
| 272|0x0000000091000000, 0x0000000091100000, 0x0000000091100000|100%|HS|  |TAMS 0x0000000091100000| PB 0x0000000091000000| Complete 
| 273|0x0000000091100000, 0x0000000091200000, 0x0000000091200000|100%|HC|  |TAMS 0x0000000091200000| PB 0x0000000091100000| Complete 
| 274|0x0000000091200000, 0x0000000091200000, 0x0000000091300000|  0%| F|  |TAMS 0x0000000091200000| PB 0x0000000091200000| Untracked 
| 275|0x0000000091300000, 0x0000000091300000, 0x0000000091400000|  0%| F|  |TAMS 0x0000000091300000| PB 0x0000000091300000| Untracked 
| 276|0x0000000091400000, 0x0000000091400000, 0x0000000091500000|  0%| F|  |TAMS 0x0000000091400000| PB 0x0000000091400000| Untracked 
| 277|0x0000000091500000, 0x0000000091600000, 0x0000000091600000|100%|HS|  |TAMS 0x0000000091600000| PB 0x0000000091500000| Complete 
| 278|0x0000000091600000, 0x0000000091700000, 0x0000000091700000|100%| O|  |TAMS 0x0000000091700000| PB 0x0000000091600000| Untracked 
| 279|0x0000000091700000, 0x0000000091800000, 0x0000000091800000|100%| O|  |TAMS 0x0000000091800000| PB 0x0000000091700000| Untracked 
| 280|0x0000000091800000, 0x0000000091900000, 0x0000000091900000|100%| O|  |TAMS 0x0000000091900000| PB 0x0000000091800000| Untracked 
| 281|0x0000000091900000, 0x0000000091a00000, 0x0000000091a00000|100%| O|  |TAMS 0x0000000091a00000| PB 0x0000000091900000| Untracked 
| 282|0x0000000091a00000, 0x0000000091b00000, 0x0000000091b00000|100%| O|  |TAMS 0x0000000091b00000| PB 0x0000000091a00000| Untracked 
| 283|0x0000000091b00000, 0x0000000091c00000, 0x0000000091c00000|100%| O|  |TAMS 0x0000000091c00000| PB 0x0000000091b00000| Untracked 
| 284|0x0000000091c00000, 0x0000000091d00000, 0x0000000091d00000|100%| O|  |TAMS 0x0000000091d00000| PB 0x0000000091c00000| Untracked 
| 285|0x0000000091d00000, 0x0000000091e00000, 0x0000000091e00000|100%| O|  |TAMS 0x0000000091e00000| PB 0x0000000091d00000| Untracked 
| 286|0x0000000091e00000, 0x0000000091e00000, 0x0000000091f00000|  0%| F|  |TAMS 0x0000000091e00000| PB 0x0000000091e00000| Untracked 
| 287|0x0000000091f00000, 0x0000000091f00000, 0x0000000092000000|  0%| F|  |TAMS 0x0000000091f00000| PB 0x0000000091f00000| Untracked 
| 288|0x0000000092000000, 0x0000000092000000, 0x0000000092100000|  0%| F|  |TAMS 0x0000000092000000| PB 0x0000000092000000| Untracked 
| 289|0x0000000092100000, 0x0000000092100000, 0x0000000092200000|  0%| F|  |TAMS 0x0000000092100000| PB 0x0000000092100000| Untracked 
| 290|0x0000000092200000, 0x0000000092200000, 0x0000000092300000|  0%| F|  |TAMS 0x0000000092200000| PB 0x0000000092200000| Untracked 
| 291|0x0000000092300000, 0x0000000092300000, 0x0000000092400000|  0%| F|  |TAMS 0x0000000092300000| PB 0x0000000092300000| Untracked 
| 292|0x0000000092400000, 0x0000000092400000, 0x0000000092500000|  0%| F|  |TAMS 0x0000000092400000| PB 0x0000000092400000| Untracked 
| 293|0x0000000092500000, 0x0000000092500000, 0x0000000092600000|  0%| F|  |TAMS 0x0000000092500000| PB 0x0000000092500000| Untracked 
| 294|0x0000000092600000, 0x0000000092600000, 0x0000000092700000|  0%| F|  |TAMS 0x0000000092600000| PB 0x0000000092600000| Untracked 
| 295|0x0000000092700000, 0x0000000092700000, 0x0000000092800000|  0%| F|  |TAMS 0x0000000092700000| PB 0x0000000092700000| Untracked 
| 296|0x0000000092800000, 0x0000000092800000, 0x0000000092900000|  0%| F|  |TAMS 0x0000000092800000| PB 0x0000000092800000| Untracked 
| 297|0x0000000092900000, 0x0000000092900000, 0x0000000092a00000|  0%| F|  |TAMS 0x0000000092900000| PB 0x0000000092900000| Untracked 
| 298|0x0000000092a00000, 0x0000000092a00000, 0x0000000092b00000|  0%| F|  |TAMS 0x0000000092a00000| PB 0x0000000092a00000| Untracked 
| 299|0x0000000092b00000, 0x0000000092b00000, 0x0000000092c00000|  0%| F|  |TAMS 0x0000000092b00000| PB 0x0000000092b00000| Untracked 
| 300|0x0000000092c00000, 0x0000000092c00000, 0x0000000092d00000|  0%| F|  |TAMS 0x0000000092c00000| PB 0x0000000092c00000| Untracked 
| 301|0x0000000092d00000, 0x0000000092d00000, 0x0000000092e00000|  0%| F|  |TAMS 0x0000000092d00000| PB 0x0000000092d00000| Untracked 
| 302|0x0000000092e00000, 0x0000000092e00000, 0x0000000092f00000|  0%| F|  |TAMS 0x0000000092e00000| PB 0x0000000092e00000| Untracked 
| 303|0x0000000092f00000, 0x0000000092f00000, 0x0000000093000000|  0%| F|  |TAMS 0x0000000092f00000| PB 0x0000000092f00000| Untracked 
| 304|0x0000000093000000, 0x0000000093000000, 0x0000000093100000|  0%| F|  |TAMS 0x0000000093000000| PB 0x0000000093000000| Untracked 
| 305|0x0000000093100000, 0x0000000093100000, 0x0000000093200000|  0%| F|  |TAMS 0x0000000093100000| PB 0x0000000093100000| Untracked 
| 306|0x0000000093200000, 0x0000000093200000, 0x0000000093300000|  0%| F|  |TAMS 0x0000000093200000| PB 0x0000000093200000| Untracked 
| 307|0x0000000093300000, 0x0000000093300000, 0x0000000093400000|  0%| F|  |TAMS 0x0000000093300000| PB 0x0000000093300000| Untracked 
| 308|0x0000000093400000, 0x0000000093400000, 0x0000000093500000|  0%| F|  |TAMS 0x0000000093400000| PB 0x0000000093400000| Untracked 
| 309|0x0000000093500000, 0x0000000093500000, 0x0000000093600000|  0%| F|  |TAMS 0x0000000093500000| PB 0x0000000093500000| Untracked 
| 310|0x0000000093600000, 0x0000000093600000, 0x0000000093700000|  0%| F|  |TAMS 0x0000000093600000| PB 0x0000000093600000| Untracked 
| 311|0x0000000093700000, 0x0000000093700000, 0x0000000093800000|  0%| F|  |TAMS 0x0000000093700000| PB 0x0000000093700000| Untracked 
| 312|0x0000000093800000, 0x0000000093800000, 0x0000000093900000|  0%| F|  |TAMS 0x0000000093800000| PB 0x0000000093800000| Untracked 
| 313|0x0000000093900000, 0x0000000093900000, 0x0000000093a00000|  0%| F|  |TAMS 0x0000000093900000| PB 0x0000000093900000| Untracked 
| 314|0x0000000093a00000, 0x0000000093a00000, 0x0000000093b00000|  0%| F|  |TAMS 0x0000000093a00000| PB 0x0000000093a00000| Untracked 
| 315|0x0000000093b00000, 0x0000000093b00000, 0x0000000093c00000|  0%| F|  |TAMS 0x0000000093b00000| PB 0x0000000093b00000| Untracked 
| 316|0x0000000093c00000, 0x0000000093c00000, 0x0000000093d00000|  0%| F|  |TAMS 0x0000000093c00000| PB 0x0000000093c00000| Untracked 
| 317|0x0000000093d00000, 0x0000000093d00000, 0x0000000093e00000|  0%| F|  |TAMS 0x0000000093d00000| PB 0x0000000093d00000| Untracked 
| 318|0x0000000093e00000, 0x0000000093e00000, 0x0000000093f00000|  0%| F|  |TAMS 0x0000000093e00000| PB 0x0000000093e00000| Untracked 
| 319|0x0000000093f00000, 0x0000000093f00000, 0x0000000094000000|  0%| F|  |TAMS 0x0000000093f00000| PB 0x0000000093f00000| Untracked 
| 320|0x0000000094000000, 0x0000000094000000, 0x0000000094100000|  0%| F|  |TAMS 0x0000000094000000| PB 0x0000000094000000| Untracked 
| 321|0x0000000094100000, 0x0000000094100000, 0x0000000094200000|  0%| F|  |TAMS 0x0000000094100000| PB 0x0000000094100000| Untracked 
| 322|0x0000000094200000, 0x0000000094200000, 0x0000000094300000|  0%| F|  |TAMS 0x0000000094200000| PB 0x0000000094200000| Untracked 
| 323|0x0000000094300000, 0x0000000094300000, 0x0000000094400000|  0%| F|  |TAMS 0x0000000094300000| PB 0x0000000094300000| Untracked 
| 324|0x0000000094400000, 0x0000000094400000, 0x0000000094500000|  0%| F|  |TAMS 0x0000000094400000| PB 0x0000000094400000| Untracked 
| 325|0x0000000094500000, 0x0000000094500000, 0x0000000094600000|  0%| F|  |TAMS 0x0000000094500000| PB 0x0000000094500000| Untracked 
| 326|0x0000000094600000, 0x0000000094600000, 0x0000000094700000|  0%| F|  |TAMS 0x0000000094600000| PB 0x0000000094600000| Untracked 
| 327|0x0000000094700000, 0x0000000094700000, 0x0000000094800000|  0%| F|  |TAMS 0x0000000094700000| PB 0x0000000094700000| Untracked 
| 328|0x0000000094800000, 0x0000000094800000, 0x0000000094900000|  0%| F|  |TAMS 0x0000000094800000| PB 0x0000000094800000| Untracked 
| 329|0x0000000094900000, 0x0000000094900000, 0x0000000094a00000|  0%| F|  |TAMS 0x0000000094900000| PB 0x0000000094900000| Untracked 
| 330|0x0000000094a00000, 0x0000000094a00000, 0x0000000094b00000|  0%| F|  |TAMS 0x0000000094a00000| PB 0x0000000094a00000| Untracked 
| 331|0x0000000094b00000, 0x0000000094b00000, 0x0000000094c00000|  0%| F|  |TAMS 0x0000000094b00000| PB 0x0000000094b00000| Untracked 
| 332|0x0000000094c00000, 0x0000000094c00000, 0x0000000094d00000|  0%| F|  |TAMS 0x0000000094c00000| PB 0x0000000094c00000| Untracked 
| 333|0x0000000094d00000, 0x0000000094d00000, 0x0000000094e00000|  0%| F|  |TAMS 0x0000000094d00000| PB 0x0000000094d00000| Untracked 
| 334|0x0000000094e00000, 0x0000000094e00000, 0x0000000094f00000|  0%| F|  |TAMS 0x0000000094e00000| PB 0x0000000094e00000| Untracked 
| 335|0x0000000094f00000, 0x0000000094f00000, 0x0000000095000000|  0%| F|  |TAMS 0x0000000094f00000| PB 0x0000000094f00000| Untracked 
| 336|0x0000000095000000, 0x0000000095000000, 0x0000000095100000|  0%| F|  |TAMS 0x0000000095000000| PB 0x0000000095000000| Untracked 
| 337|0x0000000095100000, 0x0000000095100000, 0x0000000095200000|  0%| F|  |TAMS 0x0000000095100000| PB 0x0000000095100000| Untracked 
| 338|0x0000000095200000, 0x0000000095200000, 0x0000000095300000|  0%| F|  |TAMS 0x0000000095200000| PB 0x0000000095200000| Untracked 
| 339|0x0000000095300000, 0x0000000095300000, 0x0000000095400000|  0%| F|  |TAMS 0x0000000095300000| PB 0x0000000095300000| Untracked 
| 340|0x0000000095400000, 0x0000000095400000, 0x0000000095500000|  0%| F|  |TAMS 0x0000000095400000| PB 0x0000000095400000| Untracked 
| 341|0x0000000095500000, 0x0000000095500000, 0x0000000095600000|  0%| F|  |TAMS 0x0000000095500000| PB 0x0000000095500000| Untracked 
| 342|0x0000000095600000, 0x0000000095600000, 0x0000000095700000|  0%| F|  |TAMS 0x0000000095600000| PB 0x0000000095600000| Untracked 
| 343|0x0000000095700000, 0x0000000095700000, 0x0000000095800000|  0%| F|  |TAMS 0x0000000095700000| PB 0x0000000095700000| Untracked 
| 344|0x0000000095800000, 0x0000000095800000, 0x0000000095900000|  0%| F|  |TAMS 0x0000000095800000| PB 0x0000000095800000| Untracked 
| 345|0x0000000095900000, 0x0000000095900000, 0x0000000095a00000|  0%| F|  |TAMS 0x0000000095900000| PB 0x0000000095900000| Untracked 
| 346|0x0000000095a00000, 0x0000000095a00000, 0x0000000095b00000|  0%| F|  |TAMS 0x0000000095a00000| PB 0x0000000095a00000| Untracked 
| 347|0x0000000095b00000, 0x0000000095b00000, 0x0000000095c00000|  0%| F|  |TAMS 0x0000000095b00000| PB 0x0000000095b00000| Untracked 
| 348|0x0000000095c00000, 0x0000000095c00000, 0x0000000095d00000|  0%| F|  |TAMS 0x0000000095c00000| PB 0x0000000095c00000| Untracked 
| 349|0x0000000095d00000, 0x0000000095d00000, 0x0000000095e00000|  0%| F|  |TAMS 0x0000000095d00000| PB 0x0000000095d00000| Untracked 
| 350|0x0000000095e00000, 0x0000000095e00000, 0x0000000095f00000|  0%| F|  |TAMS 0x0000000095e00000| PB 0x0000000095e00000| Untracked 
| 351|0x0000000095f00000, 0x0000000095f00000, 0x0000000096000000|  0%| F|  |TAMS 0x0000000095f00000| PB 0x0000000095f00000| Untracked 
| 352|0x0000000096000000, 0x0000000096000000, 0x0000000096100000|  0%| F|  |TAMS 0x0000000096000000| PB 0x0000000096000000| Untracked 
| 353|0x0000000096100000, 0x0000000096100000, 0x0000000096200000|  0%| F|  |TAMS 0x0000000096100000| PB 0x0000000096100000| Untracked 
| 354|0x0000000096200000, 0x0000000096200000, 0x0000000096300000|  0%| F|  |TAMS 0x0000000096200000| PB 0x0000000096200000| Untracked 
| 355|0x0000000096300000, 0x0000000096300000, 0x0000000096400000|  0%| F|  |TAMS 0x0000000096300000| PB 0x0000000096300000| Untracked 
| 356|0x0000000096400000, 0x0000000096400000, 0x0000000096500000|  0%| F|  |TAMS 0x0000000096400000| PB 0x0000000096400000| Untracked 
| 357|0x0000000096500000, 0x0000000096500000, 0x0000000096600000|  0%| F|  |TAMS 0x0000000096500000| PB 0x0000000096500000| Untracked 
| 358|0x0000000096600000, 0x0000000096600000, 0x0000000096700000|  0%| F|  |TAMS 0x0000000096600000| PB 0x0000000096600000| Untracked 
| 359|0x0000000096700000, 0x0000000096700000, 0x0000000096800000|  0%| F|  |TAMS 0x0000000096700000| PB 0x0000000096700000| Untracked 
| 360|0x0000000096800000, 0x0000000096800000, 0x0000000096900000|  0%| F|  |TAMS 0x0000000096800000| PB 0x0000000096800000| Untracked 
| 361|0x0000000096900000, 0x0000000096900000, 0x0000000096a00000|  0%| F|  |TAMS 0x0000000096900000| PB 0x0000000096900000| Untracked 
| 362|0x0000000096a00000, 0x0000000096a00000, 0x0000000096b00000|  0%| F|  |TAMS 0x0000000096a00000| PB 0x0000000096a00000| Untracked 
| 363|0x0000000096b00000, 0x0000000096b00000, 0x0000000096c00000|  0%| F|  |TAMS 0x0000000096b00000| PB 0x0000000096b00000| Untracked 
| 364|0x0000000096c00000, 0x0000000096c00000, 0x0000000096d00000|  0%| F|  |TAMS 0x0000000096c00000| PB 0x0000000096c00000| Untracked 
| 365|0x0000000096d00000, 0x0000000096d00000, 0x0000000096e00000|  0%| F|  |TAMS 0x0000000096d00000| PB 0x0000000096d00000| Untracked 
| 366|0x0000000096e00000, 0x0000000096e00000, 0x0000000096f00000|  0%| F|  |TAMS 0x0000000096e00000| PB 0x0000000096e00000| Untracked 
| 367|0x0000000096f00000, 0x0000000096f00000, 0x0000000097000000|  0%| F|  |TAMS 0x0000000096f00000| PB 0x0000000096f00000| Untracked 
| 368|0x0000000097000000, 0x0000000097000000, 0x0000000097100000|  0%| F|  |TAMS 0x0000000097000000| PB 0x0000000097000000| Untracked 
| 369|0x0000000097100000, 0x0000000097100000, 0x0000000097200000|  0%| F|  |TAMS 0x0000000097100000| PB 0x0000000097100000| Untracked 
| 370|0x0000000097200000, 0x0000000097200000, 0x0000000097300000|  0%| F|  |TAMS 0x0000000097200000| PB 0x0000000097200000| Untracked 
| 371|0x0000000097300000, 0x0000000097300000, 0x0000000097400000|  0%| F|  |TAMS 0x0000000097300000| PB 0x0000000097300000| Untracked 
| 372|0x0000000097400000, 0x0000000097400000, 0x0000000097500000|  0%| F|  |TAMS 0x0000000097400000| PB 0x0000000097400000| Untracked 
| 373|0x0000000097500000, 0x0000000097500000, 0x0000000097600000|  0%| F|  |TAMS 0x0000000097500000| PB 0x0000000097500000| Untracked 
| 374|0x0000000097600000, 0x0000000097600000, 0x0000000097700000|  0%| F|  |TAMS 0x0000000097600000| PB 0x0000000097600000| Untracked 
| 375|0x0000000097700000, 0x0000000097700000, 0x0000000097800000|  0%| F|  |TAMS 0x0000000097700000| PB 0x0000000097700000| Untracked 
| 376|0x0000000097800000, 0x0000000097800000, 0x0000000097900000|  0%| F|  |TAMS 0x0000000097800000| PB 0x0000000097800000| Untracked 
| 377|0x0000000097900000, 0x0000000097900000, 0x0000000097a00000|  0%| F|  |TAMS 0x0000000097900000| PB 0x0000000097900000| Untracked 
| 378|0x0000000097a00000, 0x0000000097a00000, 0x0000000097b00000|  0%| F|  |TAMS 0x0000000097a00000| PB 0x0000000097a00000| Untracked 
| 379|0x0000000097b00000, 0x0000000097b00000, 0x0000000097c00000|  0%| F|  |TAMS 0x0000000097b00000| PB 0x0000000097b00000| Untracked 
| 380|0x0000000097c00000, 0x0000000097c00000, 0x0000000097d00000|  0%| F|  |TAMS 0x0000000097c00000| PB 0x0000000097c00000| Untracked 
| 381|0x0000000097d00000, 0x0000000097d00000, 0x0000000097e00000|  0%| F|  |TAMS 0x0000000097d00000| PB 0x0000000097d00000| Untracked 
| 382|0x0000000097e00000, 0x0000000097e00000, 0x0000000097f00000|  0%| F|  |TAMS 0x0000000097e00000| PB 0x0000000097e00000| Untracked 
| 383|0x0000000097f00000, 0x0000000097f00000, 0x0000000098000000|  0%| F|  |TAMS 0x0000000097f00000| PB 0x0000000097f00000| Untracked 
| 384|0x0000000098000000, 0x0000000098000000, 0x0000000098100000|  0%| F|  |TAMS 0x0000000098000000| PB 0x0000000098000000| Untracked 
| 385|0x0000000098100000, 0x0000000098100000, 0x0000000098200000|  0%| F|  |TAMS 0x0000000098100000| PB 0x0000000098100000| Untracked 
| 386|0x0000000098200000, 0x0000000098200000, 0x0000000098300000|  0%| F|  |TAMS 0x0000000098200000| PB 0x0000000098200000| Untracked 
| 387|0x0000000098300000, 0x0000000098300000, 0x0000000098400000|  0%| F|  |TAMS 0x0000000098300000| PB 0x0000000098300000| Untracked 
| 388|0x0000000098400000, 0x0000000098400000, 0x0000000098500000|  0%| F|  |TAMS 0x0000000098400000| PB 0x0000000098400000| Untracked 
| 389|0x0000000098500000, 0x0000000098500000, 0x0000000098600000|  0%| F|  |TAMS 0x0000000098500000| PB 0x0000000098500000| Untracked 
| 390|0x0000000098600000, 0x0000000098600000, 0x0000000098700000|  0%| F|  |TAMS 0x0000000098600000| PB 0x0000000098600000| Untracked 
| 391|0x0000000098700000, 0x0000000098700000, 0x0000000098800000|  0%| F|  |TAMS 0x0000000098700000| PB 0x0000000098700000| Untracked 
| 392|0x0000000098800000, 0x0000000098800000, 0x0000000098900000|  0%| F|  |TAMS 0x0000000098800000| PB 0x0000000098800000| Untracked 
| 393|0x0000000098900000, 0x0000000098900000, 0x0000000098a00000|  0%| F|  |TAMS 0x0000000098900000| PB 0x0000000098900000| Untracked 
| 394|0x0000000098a00000, 0x0000000098a00000, 0x0000000098b00000|  0%| F|  |TAMS 0x0000000098a00000| PB 0x0000000098a00000| Untracked 
| 395|0x0000000098b00000, 0x0000000098b00000, 0x0000000098c00000|  0%| F|  |TAMS 0x0000000098b00000| PB 0x0000000098b00000| Untracked 
| 396|0x0000000098c00000, 0x0000000098c00000, 0x0000000098d00000|  0%| F|  |TAMS 0x0000000098c00000| PB 0x0000000098c00000| Untracked 
| 397|0x0000000098d00000, 0x0000000098d00000, 0x0000000098e00000|  0%| F|  |TAMS 0x0000000098d00000| PB 0x0000000098d00000| Untracked 
| 398|0x0000000098e00000, 0x0000000098e00000, 0x0000000098f00000|  0%| F|  |TAMS 0x0000000098e00000| PB 0x0000000098e00000| Untracked 
| 399|0x0000000098f00000, 0x0000000098f00000, 0x0000000099000000|  0%| F|  |TAMS 0x0000000098f00000| PB 0x0000000098f00000| Untracked 
| 400|0x0000000099000000, 0x0000000099000000, 0x0000000099100000|  0%| F|  |TAMS 0x0000000099000000| PB 0x0000000099000000| Untracked 
| 401|0x0000000099100000, 0x0000000099100000, 0x0000000099200000|  0%| F|  |TAMS 0x0000000099100000| PB 0x0000000099100000| Untracked 
| 402|0x0000000099200000, 0x0000000099200000, 0x0000000099300000|  0%| F|  |TAMS 0x0000000099200000| PB 0x0000000099200000| Untracked 
| 403|0x0000000099300000, 0x0000000099300000, 0x0000000099400000|  0%| F|  |TAMS 0x0000000099300000| PB 0x0000000099300000| Untracked 
| 404|0x0000000099400000, 0x0000000099400000, 0x0000000099500000|  0%| F|  |TAMS 0x0000000099400000| PB 0x0000000099400000| Untracked 
| 405|0x0000000099500000, 0x0000000099500000, 0x0000000099600000|  0%| F|  |TAMS 0x0000000099500000| PB 0x0000000099500000| Untracked 
| 406|0x0000000099600000, 0x0000000099600000, 0x0000000099700000|  0%| F|  |TAMS 0x0000000099600000| PB 0x0000000099600000| Untracked 
| 407|0x0000000099700000, 0x0000000099700000, 0x0000000099800000|  0%| F|  |TAMS 0x0000000099700000| PB 0x0000000099700000| Untracked 
| 408|0x0000000099800000, 0x0000000099800000, 0x0000000099900000|  0%| F|  |TAMS 0x0000000099800000| PB 0x0000000099800000| Untracked 
| 409|0x0000000099900000, 0x0000000099900000, 0x0000000099a00000|  0%| F|  |TAMS 0x0000000099900000| PB 0x0000000099900000| Untracked 
| 410|0x0000000099a00000, 0x0000000099a00000, 0x0000000099b00000|  0%| F|  |TAMS 0x0000000099a00000| PB 0x0000000099a00000| Untracked 
| 411|0x0000000099b00000, 0x0000000099b00000, 0x0000000099c00000|  0%| F|  |TAMS 0x0000000099b00000| PB 0x0000000099b00000| Untracked 
| 412|0x0000000099c00000, 0x0000000099c00000, 0x0000000099d00000|  0%| F|  |TAMS 0x0000000099c00000| PB 0x0000000099c00000| Untracked 
| 413|0x0000000099d00000, 0x0000000099d00000, 0x0000000099e00000|  0%| F|  |TAMS 0x0000000099d00000| PB 0x0000000099d00000| Untracked 
| 414|0x0000000099e00000, 0x0000000099e00000, 0x0000000099f00000|  0%| F|  |TAMS 0x0000000099e00000| PB 0x0000000099e00000| Untracked 
| 415|0x0000000099f00000, 0x0000000099f00000, 0x000000009a000000|  0%| F|  |TAMS 0x0000000099f00000| PB 0x0000000099f00000| Untracked 
| 416|0x000000009a000000, 0x000000009a000000, 0x000000009a100000|  0%| F|  |TAMS 0x000000009a000000| PB 0x000000009a000000| Untracked 
| 417|0x000000009a100000, 0x000000009a100000, 0x000000009a200000|  0%| F|  |TAMS 0x000000009a100000| PB 0x000000009a100000| Untracked 
| 418|0x000000009a200000, 0x000000009a200000, 0x000000009a300000|  0%| F|  |TAMS 0x000000009a200000| PB 0x000000009a200000| Untracked 
| 419|0x000000009a300000, 0x000000009a300000, 0x000000009a400000|  0%| F|  |TAMS 0x000000009a300000| PB 0x000000009a300000| Untracked 
| 420|0x000000009a400000, 0x000000009a400000, 0x000000009a500000|  0%| F|  |TAMS 0x000000009a400000| PB 0x000000009a400000| Untracked 
| 421|0x000000009a500000, 0x000000009a500000, 0x000000009a600000|  0%| F|  |TAMS 0x000000009a500000| PB 0x000000009a500000| Untracked 
| 422|0x000000009a600000, 0x000000009a600000, 0x000000009a700000|  0%| F|  |TAMS 0x000000009a600000| PB 0x000000009a600000| Untracked 
| 423|0x000000009a700000, 0x000000009a700000, 0x000000009a800000|  0%| F|  |TAMS 0x000000009a700000| PB 0x000000009a700000| Untracked 
| 424|0x000000009a800000, 0x000000009a800000, 0x000000009a900000|  0%| F|  |TAMS 0x000000009a800000| PB 0x000000009a800000| Untracked 
| 425|0x000000009a900000, 0x000000009a900000, 0x000000009aa00000|  0%| F|  |TAMS 0x000000009a900000| PB 0x000000009a900000| Untracked 
| 426|0x000000009aa00000, 0x000000009aa00000, 0x000000009ab00000|  0%| F|  |TAMS 0x000000009aa00000| PB 0x000000009aa00000| Untracked 
| 427|0x000000009ab00000, 0x000000009ab00000, 0x000000009ac00000|  0%| F|  |TAMS 0x000000009ab00000| PB 0x000000009ab00000| Untracked 
| 428|0x000000009ac00000, 0x000000009ac00000, 0x000000009ad00000|  0%| F|  |TAMS 0x000000009ac00000| PB 0x000000009ac00000| Untracked 
| 429|0x000000009ad00000, 0x000000009ad00000, 0x000000009ae00000|  0%| F|  |TAMS 0x000000009ad00000| PB 0x000000009ad00000| Untracked 
| 430|0x000000009ae00000, 0x000000009ae00000, 0x000000009af00000|  0%| F|  |TAMS 0x000000009ae00000| PB 0x000000009ae00000| Untracked 
| 431|0x000000009af00000, 0x000000009af00000, 0x000000009b000000|  0%| F|  |TAMS 0x000000009af00000| PB 0x000000009af00000| Untracked 
| 432|0x000000009b000000, 0x000000009b000000, 0x000000009b100000|  0%| F|  |TAMS 0x000000009b000000| PB 0x000000009b000000| Untracked 
| 433|0x000000009b100000, 0x000000009b100000, 0x000000009b200000|  0%| F|  |TAMS 0x000000009b100000| PB 0x000000009b100000| Untracked 
| 434|0x000000009b200000, 0x000000009b200000, 0x000000009b300000|  0%| F|  |TAMS 0x000000009b200000| PB 0x000000009b200000| Untracked 
| 435|0x000000009b300000, 0x000000009b300000, 0x000000009b400000|  0%| F|  |TAMS 0x000000009b300000| PB 0x000000009b300000| Untracked 
| 436|0x000000009b400000, 0x000000009b400000, 0x000000009b500000|  0%| F|  |TAMS 0x000000009b400000| PB 0x000000009b400000| Untracked 
| 437|0x000000009b500000, 0x000000009b500000, 0x000000009b600000|  0%| F|  |TAMS 0x000000009b500000| PB 0x000000009b500000| Untracked 
| 438|0x000000009b600000, 0x000000009b600000, 0x000000009b700000|  0%| F|  |TAMS 0x000000009b600000| PB 0x000000009b600000| Untracked 
| 439|0x000000009b700000, 0x000000009b700000, 0x000000009b800000|  0%| F|  |TAMS 0x000000009b700000| PB 0x000000009b700000| Untracked 
| 440|0x000000009b800000, 0x000000009b800000, 0x000000009b900000|  0%| F|  |TAMS 0x000000009b800000| PB 0x000000009b800000| Untracked 
| 441|0x000000009b900000, 0x000000009b900000, 0x000000009ba00000|  0%| F|  |TAMS 0x000000009b900000| PB 0x000000009b900000| Untracked 
| 442|0x000000009ba00000, 0x000000009ba00000, 0x000000009bb00000|  0%| F|  |TAMS 0x000000009ba00000| PB 0x000000009ba00000| Untracked 
|2029|0x00000000fed00000, 0x00000000fee00000, 0x00000000fee00000|100%| O|  |TAMS 0x00000000fee00000| PB 0x00000000fed00000| Untracked 
|2030|0x00000000fee00000, 0x00000000fef00000, 0x00000000fef00000|100%| O|  |TAMS 0x00000000fef00000| PB 0x00000000fee00000| Untracked 
|2031|0x00000000fef00000, 0x00000000ff000000, 0x00000000ff000000|100%| O|  |TAMS 0x00000000ff000000| PB 0x00000000fef00000| Untracked 
|2032|0x00000000ff000000, 0x00000000ff100000, 0x00000000ff100000|100%| O|  |TAMS 0x00000000ff100000| PB 0x00000000ff000000| Untracked 
|2033|0x00000000ff100000, 0x00000000ff200000, 0x00000000ff200000|100%| O|  |TAMS 0x00000000ff200000| PB 0x00000000ff100000| Untracked 
|2034|0x00000000ff200000, 0x00000000ff300000, 0x00000000ff300000|100%| O|  |TAMS 0x00000000ff300000| PB 0x00000000ff200000| Untracked 
|2035|0x00000000ff300000, 0x00000000ff400000, 0x00000000ff400000|100%| O|  |TAMS 0x00000000ff400000| PB 0x00000000ff300000| Untracked 
|2036|0x00000000ff400000, 0x00000000ff500000, 0x00000000ff500000|100%| O|  |TAMS 0x00000000ff500000| PB 0x00000000ff400000| Untracked 
|2037|0x00000000ff500000, 0x00000000ff600000, 0x00000000ff600000|100%| O|  |TAMS 0x00000000ff600000| PB 0x00000000ff500000| Untracked 
|2038|0x00000000ff600000, 0x00000000ff700000, 0x00000000ff700000|100%| O|  |TAMS 0x00000000ff700000| PB 0x00000000ff600000| Untracked 
|2039|0x00000000ff700000, 0x00000000ff800000, 0x00000000ff800000|100%| O|  |TAMS 0x00000000ff800000| PB 0x00000000ff700000| Untracked 
|2040|0x00000000ff800000, 0x00000000ff900000, 0x00000000ff900000|100%| O|  |TAMS 0x00000000ff900000| PB 0x00000000ff800000| Untracked 
|2041|0x00000000ff900000, 0x00000000ffa00000, 0x00000000ffa00000|100%| O|  |TAMS 0x00000000ffa00000| PB 0x00000000ff900000| Untracked 
|2042|0x00000000ffa00000, 0x00000000ffb00000, 0x00000000ffb00000|100%| O|  |TAMS 0x00000000ffb00000| PB 0x00000000ffa00000| Untracked 
|2043|0x00000000ffb00000, 0x00000000ffc00000, 0x00000000ffc00000|100%| O|  |TAMS 0x00000000ffc00000| PB 0x00000000ffb00000| Untracked 
|2044|0x00000000ffc00000, 0x00000000ffd00000, 0x00000000ffd00000|100%| O|  |TAMS 0x00000000ffd00000| PB 0x00000000ffc00000| Untracked 
|2045|0x00000000ffd00000, 0x00000000ffe00000, 0x00000000ffe00000|100%| O|  |TAMS 0x00000000ffe00000| PB 0x00000000ffd00000| Untracked 
|2046|0x00000000ffe00000, 0x00000000fff00000, 0x00000000fff00000|100%| O|  |TAMS 0x00000000fff00000| PB 0x00000000ffe00000| Untracked 
|2047|0x00000000fff00000, 0x0000000100000000, 0x0000000100000000|100%| O|  |TAMS 0x0000000100000000| PB 0x00000000fff00000| Untracked 

Card table byte_map: [0x000001d2f7d60000,0x000001d2f8160000] _byte_map_base: 0x000001d2f7960000

Marking Bits: (CMBitMap*) 0x000001d2e5757a00
 Bits: [0x000001d2f8160000, 0x000001d2fa160000)

Polling page: 0x000001d2e3590000

Metaspace:

Usage:
  Non-class:     22.74 MB used.
      Class:      2.52 MB used.
       Both:     25.25 MB used.

Virtual space:
  Non-class space:       64.00 MB reserved,      22.88 MB ( 36%) committed,  1 nodes.
      Class space:        1.00 GB reserved,       2.69 MB ( <1%) committed,  1 nodes.
             Both:        1.06 GB reserved,      25.56 MB (  2%) committed. 

Chunk freelists:
   Non-Class:  8.20 MB
       Class:  13.24 MB
        Both:  21.44 MB

MaxMetaspaceSize: unlimited
CompressedClassSpaceSize: 1.00 GB
Initial GC threshold: 21.00 MB
Current GC threshold: 42.44 MB
CDS: off
 - commit_granule_bytes: 65536.
 - commit_granule_words: 8192.
 - virtual_space_node_default_size: 8388608.
 - enlarge_chunks_in_place: 1.
 - use_allocation_guard: 0.


Internal statistics:

num_allocs_failed_limit: 3.
num_arena_births: 210.
num_arena_deaths: 0.
num_vsnodes_births: 2.
num_vsnodes_deaths: 0.
num_space_committed: 408.
num_space_uncommitted: 0.
num_chunks_returned_to_freelist: 3.
num_chunks_taken_from_freelist: 651.
num_chunk_merges: 3.
num_chunk_splits: 415.
num_chunks_enlarged: 277.
num_inconsistent_stats: 0.

CodeHeap 'non-profiled nmethods': size=119168Kb used=4609Kb max_used=5210Kb free=114558Kb
 bounds [0x000001d2efc70000, 0x000001d2f0190000, 0x000001d2f70d0000]
CodeHeap 'profiled nmethods': size=119104Kb used=6739Kb max_used=9085Kb free=112364Kb
 bounds [0x000001d2e80d0000, 0x000001d2e89b0000, 0x000001d2ef520000]
CodeHeap 'non-nmethods': size=7488Kb used=2541Kb max_used=3203Kb free=4946Kb
 bounds [0x000001d2ef520000, 0x000001d2ef850000, 0x000001d2efc70000]
CodeCache: size=245760Kb, used=13889Kb, max_used=17498Kb, free=231868Kb
 total_blobs=4296, nmethods=3722, adapters=476, full_count=0
Compilation: enabled, stopped_count=0, restarted_count=0

Compilation events (20 events):
Event: 9.479 Thread 0x000001d2fd290290 4596       3       java.lang.CharacterDataLatin1::equalsIgnoreCase (63 bytes)
Event: 9.479 Thread 0x000001d2fee9c870 4595       3       java.lang.String::regionMatches (150 bytes)
Event: 9.480 Thread 0x000001d2fd290290 nmethod 4596 0x000001d2e8212910 code [0x000001d2e8212ac0, 0x000001d2e8212d88]
Event: 9.480 Thread 0x000001d2fee9c870 nmethod 4595 0x000001d2e84b7210 code [0x000001d2e84b7460, 0x000001d2e84b7c28]
Event: 9.492 Thread 0x000001d2fee9c870 4597       3       org.languagetool.tagging.pt.PortugueseTagger::tag (470 bytes)
Event: 9.496 Thread 0x000001d2fee9c870 nmethod 4597 0x000001d2e8342090 code [0x000001d2e8342700, 0x000001d2e8345f58]
Event: 9.501 Thread 0x000001d2fd290290 4599       3       org.languagetool.tagging.pt.PortugueseTagger::isDegree (13 bytes)
Event: 9.501 Thread 0x000001d2fee9c870 4598       3       org.languagetool.tagging.pt.PortugueseTagger::isOrdinal (13 bytes)
Event: 9.501 Thread 0x000001d2fd1f6a20 4600       3       org.languagetool.tagging.pt.PortugueseTagger::isPercent (13 bytes)
Event: 9.501 Thread 0x000001d2fd290290 nmethod 4599 0x000001d2e826ff90 code [0x000001d2e8270160, 0x000001d2e8270360]
Event: 9.501 Thread 0x000001d2fd1f6a20 nmethod 4600 0x000001d2e8314610 code [0x000001d2e83147e0, 0x000001d2e83149e0]
Event: 9.501 Thread 0x000001d2fee9c870 nmethod 4598 0x000001d2e8330c90 code [0x000001d2e8330e60, 0x000001d2e8331060]
Event: 9.545 Thread 0x000001d2fd290290 4601       3       java.lang.String::split (242 bytes)
Event: 9.547 Thread 0x000001d2fd290290 nmethod 4601 0x000001d2e839e990 code [0x000001d2e839eda0, 0x000001d2e83a0e70]
Event: 9.588 Thread 0x000001d2fd290290 4602       3       org.languagetool.tagging.pt.PortugueseTagger::tagNumberExpressions (52 bytes)
Event: 9.588 Thread 0x000001d2fee9c870 4603       3       org.languagetool.tagging.pt.PortugueseTagger::tagMenteAdverbs (133 bytes)
Event: 9.588 Thread 0x000001d2fd1f6a20 4604       3       org.languagetool.tagging.pt.PortugueseTagger::tagPrefixedVerbs (178 bytes)
Event: 9.589 Thread 0x000001d2fd290290 nmethod 4602 0x000001d2e8502f90 code [0x000001d2e8503260, 0x000001d2e8503e98]
Event: 9.589 Thread 0x000001d2fee9c870 nmethod 4603 0x000001d2e8508490 code [0x000001d2e8508800, 0x000001d2e8509b08]
Event: 9.590 Thread 0x000001d2fd1f6a20 nmethod 4604 0x000001d2e83aa090 code [0x000001d2e83aa480, 0x000001d2e83abbd8]

GC Heap History (20 events):
Event: 4.624 GC heap after
{Heap after GC invocations=18 (full 0):
 garbage-first heap   total 435200K, used 116067K [0x0000000080000000, 0x0000000100000000)
  region size 1024K, 7 young (7168K), 7 survivors (7168K)
 Metaspace       used 24232K, committed 24448K, reserved 1114112K
  class space    used 2336K, committed 2432K, reserved 1048576K
}
Event: 5.439 GC heap before
{Heap before GC invocations=18 (full 0):
 garbage-first heap   total 435200K, used 337251K [0x0000000080000000, 0x0000000100000000)
  region size 1024K, 214 young (219136K), 7 survivors (7168K)
 Metaspace       used 25090K, committed 25344K, reserved 1114112K
  class space    used 2514K, committed 2624K, reserved 1048576K
}
Event: 5.460 GC heap after
{Heap after GC invocations=19 (full 0):
 garbage-first heap   total 435200K, used 142336K [0x0000000080000000, 0x0000000100000000)
  region size 1024K, 27 young (27648K), 27 survivors (27648K)
 Metaspace       used 25090K, committed 25344K, reserved 1114112K
  class space    used 2514K, committed 2624K, reserved 1048576K
}
Event: 6.258 GC heap before
{Heap before GC invocations=19 (full 0):
 garbage-first heap   total 435200K, used 380928K [0x0000000080000000, 0x0000000100000000)
  region size 1024K, 225 young (230400K), 27 survivors (27648K)
 Metaspace       used 25648K, committed 25920K, reserved 1114112K
  class space    used 2564K, committed 2688K, reserved 1048576K
}
Event: 6.283 GC heap after
{Heap after GC invocations=20 (full 0):
 garbage-first heap   total 438272K, used 183261K [0x0000000080000000, 0x0000000100000000)
  region size 1024K, 26 young (26624K), 26 survivors (26624K)
 Metaspace       used 25648K, committed 25920K, reserved 1114112K
  class space    used 2564K, committed 2688K, reserved 1048576K
}
Event: 6.864 GC heap before
{Heap before GC invocations=20 (full 0):
 garbage-first heap   total 438272K, used 366557K [0x0000000080000000, 0x0000000100000000)
  region size 1024K, 206 young (210944K), 26 survivors (26624K)
 Metaspace       used 25738K, committed 26048K, reserved 1114112K
  class space    used 2564K, committed 2688K, reserved 1048576K
}
Event: 6.877 GC heap after
{Heap after GC invocations=21 (full 0):
 garbage-first heap   total 438272K, used 190582K [0x0000000080000000, 0x0000000100000000)
  region size 1024K, 8 young (8192K), 8 survivors (8192K)
 Metaspace       used 25738K, committed 26048K, reserved 1114112K
  class space    used 2564K, committed 2688K, reserved 1048576K
}
Event: 7.633 GC heap before
{Heap before GC invocations=21 (full 0):
 garbage-first heap   total 438272K, used 381046K [0x0000000080000000, 0x0000000100000000)
  region size 1024K, 194 young (198656K), 8 survivors (8192K)
 Metaspace       used 25743K, committed 26048K, reserved 1114112K
  class space    used 2564K, committed 2688K, reserved 1048576K
}
Event: 7.640 GC heap after
{Heap after GC invocations=22 (full 0):
 garbage-first heap   total 438272K, used 194349K [0x0000000080000000, 0x0000000100000000)
  region size 1024K, 12 young (12288K), 12 survivors (12288K)
 Metaspace       used 25743K, committed 26048K, reserved 1114112K
  class space    used 2564K, committed 2688K, reserved 1048576K
}
Event: 8.056 GC heap before
{Heap before GC invocations=22 (full 0):
 garbage-first heap   total 438272K, used 390957K [0x0000000080000000, 0x0000000100000000)
  region size 1024K, 204 young (208896K), 12 survivors (12288K)
 Metaspace       used 25743K, committed 26048K, reserved 1114112K
  class space    used 2564K, committed 2688K, reserved 1048576K
}
Event: 8.066 GC heap after
{Heap after GC invocations=23 (full 0):
 garbage-first heap   total 438272K, used 202335K [0x0000000080000000, 0x0000000100000000)
  region size 1024K, 20 young (20480K), 20 survivors (20480K)
 Metaspace       used 25743K, committed 26048K, reserved 1114112K
  class space    used 2564K, committed 2688K, reserved 1048576K
}
Event: 8.306 GC heap before
{Heap before GC invocations=23 (full 0):
 garbage-first heap   total 438272K, used 397919K [0x0000000080000000, 0x0000000100000000)
  region size 1024K, 210 young (215040K), 20 survivors (20480K)
 Metaspace       used 25751K, committed 26048K, reserved 1114112K
  class space    used 2564K, committed 2688K, reserved 1048576K
}
Event: 8.329 GC heap after
{Heap after GC invocations=24 (full 0):
 garbage-first heap   total 441344K, used 225336K [0x0000000080000000, 0x0000000100000000)
  region size 1024K, 27 young (27648K), 27 survivors (27648K)
 Metaspace       used 25751K, committed 26048K, reserved 1114112K
  class space    used 2564K, committed 2688K, reserved 1048576K
}
Event: 8.404 GC heap before
{Heap before GC invocations=24 (full 0):
 garbage-first heap   total 441344K, used 258104K [0x0000000080000000, 0x0000000100000000)
  region size 1024K, 60 young (61440K), 27 survivors (27648K)
 Metaspace       used 25753K, committed 26048K, reserved 1114112K
  class space    used 2564K, committed 2688K, reserved 1048576K
}
Event: 8.420 GC heap after
{Heap after GC invocations=25 (full 0):
 garbage-first heap   total 441344K, used 233310K [0x0000000080000000, 0x0000000100000000)
  region size 1024K, 7 young (7168K), 7 survivors (7168K)
 Metaspace       used 25753K, committed 26048K, reserved 1114112K
  class space    used 2564K, committed 2688K, reserved 1048576K
}
Event: 8.941 GC heap before
{Heap before GC invocations=26 (full 0):
 garbage-first heap   total 441344K, used 402270K [0x0000000080000000, 0x0000000100000000)
  region size 1024K, 166 young (169984K), 7 survivors (7168K)
 Metaspace       used 25763K, committed 26048K, reserved 1114112K
  class space    used 2565K, committed 2688K, reserved 1048576K
}
Event: 8.955 GC heap after
{Heap after GC invocations=27 (full 0):
 garbage-first heap   total 441344K, used 260555K [0x0000000080000000, 0x0000000100000000)
  region size 1024K, 21 young (21504K), 21 survivors (21504K)
 Metaspace       used 25763K, committed 26048K, reserved 1114112K
  class space    used 2565K, committed 2688K, reserved 1048576K
}
Event: 9.267 GC heap before
{Heap before GC invocations=27 (full 0):
 garbage-first heap   total 441344K, used 429515K [0x0000000080000000, 0x0000000100000000)
  region size 1024K, 160 young (163840K), 21 survivors (21504K)
 Metaspace       used 25835K, committed 26176K, reserved 1114112K
  class space    used 2576K, committed 2752K, reserved 1048576K
}
Event: 9.291 GC heap after
{Heap after GC invocations=28 (full 0):
 garbage-first heap   total 473088K, used 282994K [0x0000000080000000, 0x0000000100000000)
  region size 1024K, 18 young (18432K), 18 survivors (18432K)
 Metaspace       used 25835K, committed 26176K, reserved 1114112K
  class space    used 2576K, committed 2752K, reserved 1048576K
}
Event: 9.817 GC heap before
{Heap before GC invocations=28 (full 0):
 garbage-first heap   total 473088K, used 430450K [0x0000000080000000, 0x0000000100000000)
  region size 1024K, 162 young (165888K), 18 survivors (18432K)
 Metaspace       used 25858K, committed 26176K, reserved 1114112K
  class space    used 2576K, committed 2752K, reserved 1048576K
}

Dll operation events (9 events):
Event: 0.011 Loaded shared library c:\Users\leost\.vscode\extensions\ltex-plus.vscode-ltex-plus-15.7.1\lib\ltex-ls-plus-18.7.0\jdk-21.0.10+7\bin\java.dll
Event: 0.019 Loaded shared library c:\Users\leost\.vscode\extensions\ltex-plus.vscode-ltex-plus-15.7.1\lib\ltex-ls-plus-18.7.0\jdk-21.0.10+7\bin\zip.dll
Event: 0.074 Loaded shared library c:\Users\leost\.vscode\extensions\ltex-plus.vscode-ltex-plus-15.7.1\lib\ltex-ls-plus-18.7.0\jdk-21.0.10+7\bin\jsvml.dll
Event: 0.220 Loaded shared library C:\Users\leost\.vscode\extensions\ltex-plus.vscode-ltex-plus-15.7.1\lib\ltex-ls-plus-18.7.0\jdk-21.0.10+7\bin\net.dll
Event: 0.223 Loaded shared library C:\Users\leost\.vscode\extensions\ltex-plus.vscode-ltex-plus-15.7.1\lib\ltex-ls-plus-18.7.0\jdk-21.0.10+7\bin\nio.dll
Event: 0.232 Loaded shared library C:\Users\leost\.vscode\extensions\ltex-plus.vscode-ltex-plus-15.7.1\lib\ltex-ls-plus-18.7.0\jdk-21.0.10+7\bin\zip.dll
Event: 0.346 Loaded shared library C:\Users\leost\.vscode\extensions\ltex-plus.vscode-ltex-plus-15.7.1\lib\ltex-ls-plus-18.7.0\jdk-21.0.10+7\bin\jimage.dll
Event: 0.408 Loaded shared library C:\Users\leost\AppData\Local\Temp\jansi-2.4.3-f680d3cd5060ec01-jansi.dll
Event: 0.426 Loaded shared library c:\Users\leost\.vscode\extensions\ltex-plus.vscode-ltex-plus-15.7.1\lib\ltex-ls-plus-18.7.0\jdk-21.0.10+7\bin\verify.dll

Deoptimization events (20 events):
Event: 9.350 Thread 0x000001d2e56fcfc0 DEOPT PACKING pc=0x000001d2efd9bd38 sp=0x00000078d5efe960
Event: 9.350 Thread 0x000001d2e56fcfc0 DEOPT UNPACKING pc=0x000001d2ef5743a2 sp=0x00000078d5efe930 mode 2
Event: 9.350 Thread 0x000001d2e56fcfc0 Uncommon trap: trap_request=0xffffff45 fr.pc=0x000001d2f00a6b30 relative=0x00000000000001f0
Event: 9.350 Thread 0x000001d2e56fcfc0 Uncommon trap: reason=unstable_if action=reinterpret pc=0x000001d2f00a6b30 method=java.util.regex.Pattern$Curly.match(Ljava/util/regex/Matcher;ILjava/lang/CharSequence;)Z @ 9 c2
Event: 9.350 Thread 0x000001d2e56fcfc0 DEOPT PACKING pc=0x000001d2f00a6b30 sp=0x00000078d5efe5c0
Event: 9.350 Thread 0x000001d2e56fcfc0 DEOPT UNPACKING pc=0x000001d2ef5743a2 sp=0x00000078d5efe560 mode 2
Event: 9.355 Thread 0x000001d2e56fcfc0 Uncommon trap: trap_request=0xffffff3d fr.pc=0x000001d2f00665d4 relative=0x00000000000002f4
Event: 9.355 Thread 0x000001d2e56fcfc0 Uncommon trap: reason=unstable_fused_if action=reinterpret pc=0x000001d2f00665d4 method=java.lang.CharacterDataLatin1.equalsIgnoreCase(BB)Z @ 16 c2
Event: 9.355 Thread 0x000001d2e56fcfc0 DEOPT PACKING pc=0x000001d2f00665d4 sp=0x00000078d5efe5b0
Event: 9.355 Thread 0x000001d2e56fcfc0 DEOPT UNPACKING pc=0x000001d2ef5743a2 sp=0x00000078d5efe408 mode 2
Event: 9.355 Thread 0x000001d2e56fcfc0 Uncommon trap: trap_request=0xffffff3d fr.pc=0x000001d2f0022008 relative=0x0000000000000068
Event: 9.355 Thread 0x000001d2e56fcfc0 Uncommon trap: reason=unstable_fused_if action=reinterpret pc=0x000001d2f0022008 method=java.lang.CharacterDataLatin1.equalsIgnoreCase(BB)Z @ 16 c2
Event: 9.355 Thread 0x000001d2e56fcfc0 DEOPT PACKING pc=0x000001d2f0022008 sp=0x00000078d5efe4a0
Event: 9.355 Thread 0x000001d2e56fcfc0 DEOPT UNPACKING pc=0x000001d2ef5743a2 sp=0x00000078d5efe420 mode 2
Event: 9.531 Thread 0x000001d2e56fcfc0 Uncommon trap: trap_request=0xffffff45 fr.pc=0x000001d2f004b15c relative=0x0000000000001f9c
Event: 9.531 Thread 0x000001d2e56fcfc0 Uncommon trap: reason=unstable_if action=reinterpret pc=0x000001d2f004b15c method=java.lang.String.split(CIZ)[Ljava/lang/String; @ 189 c2
Event: 9.531 Thread 0x000001d2e56fcfc0 DEOPT PACKING pc=0x000001d2f004b15c sp=0x00000078d5efe3a0
Event: 9.531 Thread 0x000001d2e56fcfc0 DEOPT UNPACKING pc=0x000001d2ef5743a2 sp=0x00000078d5efe360 mode 2
Event: 9.589 Thread 0x000001d2e56fcfc0 DEOPT PACKING pc=0x000001d2e85d891e sp=0x00000078d5efe250
Event: 9.589 Thread 0x000001d2e56fcfc0 DEOPT UNPACKING pc=0x000001d2ef574b42 sp=0x00000078d5efd728 mode 0

Classes loaded (20 events):
Event: 4.079 Loading class java/net/URISyntaxException
Event: 4.080 Loading class java/net/URISyntaxException done
Event: 4.081 Loading class java/util/concurrent/ConcurrentLinkedQueue
Event: 4.081 Loading class java/util/concurrent/ConcurrentLinkedQueue done
Event: 4.081 Loading class java/util/concurrent/ConcurrentLinkedQueue$Node
Event: 4.081 Loading class java/util/concurrent/ConcurrentLinkedQueue$Node done
Event: 5.212 Loading class java/io/SequenceInputStream
Event: 5.213 Loading class java/io/SequenceInputStream done
Event: 5.608 Loading class java/util/regex/PatternSyntaxException
Event: 5.609 Loading class java/util/regex/PatternSyntaxException done
Event: 5.688 Loading class java/lang/invoke/BoundMethodHandle$Species_LLLLLL
Event: 5.688 Loading class java/lang/invoke/BoundMethodHandle$Species_LLLLLL done
Event: 5.690 Loading class java/lang/invoke/BoundMethodHandle$Species_LLLLLLL
Event: 5.690 Loading class java/lang/invoke/BoundMethodHandle$Species_LLLLLLL done
Event: 5.704 Loading class java/util/function/IntUnaryOperator
Event: 5.704 Loading class java/util/function/IntUnaryOperator done
Event: 5.971 Loading class java/lang/ArrayIndexOutOfBoundsException
Event: 5.971 Loading class java/lang/ArrayIndexOutOfBoundsException done
Event: 6.218 Loading class java/util/AbstractList$Itr
Event: 6.219 Loading class java/util/AbstractList$Itr done

Classes unloaded (0 events):
No events

Classes redefined (0 events):
No events

Internal exceptions (20 events):
Event: 0.610 Thread 0x000001d2e56fcfc0 Exception <a 'java/lang/NoSuchMethodError'{0x00000000830563d0}: 'int java.lang.invoke.DirectMethodHandle$Holder.invokeSpecial(java.lang.Object, java.lang.Object, java.lang.Object)'> (0x00000000830563d0) 
thrown [s\src\hotspot\share\interpreter\linkResolver.cpp, line 773]
Event: 0.611 Thread 0x000001d2e56fcfc0 Exception <a 'java/lang/NoSuchMethodError'{0x0000000083060c88}: 'void java.lang.invoke.DelegatingMethodHandle$Holder.reinvoke_L(java.lang.Object, java.lang.Object, int)'> (0x0000000083060c88) 
thrown [s\src\hotspot\share\interpreter\linkResolver.cpp, line 773]
Event: 0.611 Thread 0x000001d2e56fcfc0 Exception <a 'java/lang/NoSuchMethodError'{0x0000000083067628}: 'int java.lang.invoke.Invokers$Holder.invokeExact_MT(java.lang.Object, java.lang.Object, java.lang.Object)'> (0x0000000083067628) 
thrown [s\src\hotspot\share\interpreter\linkResolver.cpp, line 773]
Event: 0.614 Thread 0x000001d2e56fcfc0 Exception <a 'java/lang/NoSuchMethodError'{0x00000000830782b8}: 'void java.lang.invoke.Invokers$Holder.invokeExact_MT(java.lang.Object, java.lang.Object, java.lang.Object, java.lang.Object)'> (0x00000000830782b8) 
thrown [s\src\hotspot\share\interpreter\linkResolver.cpp, line 773]
Event: 0.651 Thread 0x000001d2e56fcfc0 Exception <a 'java/lang/NoSuchMethodError'{0x0000000082fdd9f8}: 'void java.lang.invoke.DirectMethodHandle$Holder.invokeVirtual(java.lang.Object, java.lang.Object)'> (0x0000000082fdd9f8) 
thrown [s\src\hotspot\share\interpreter\linkResolver.cpp, line 773]
Event: 0.799 Thread 0x000001d2e56fcfc0 Exception <a 'java/lang/NoSuchMethodError'{0x00000000829d5d40}: 'java.lang.Object java.lang.invoke.DirectMethodHandle$Holder.invokeStaticInit(java.lang.Object, java.lang.Object, java.lang.Object)'> (0x00000000829d5d40) 
thrown [s\src\hotspot\share\interpreter\linkResolver.cpp, line 773]
Event: 0.805 Thread 0x000001d2e56fcfc0 Exception <a 'java/lang/NoClassDefFoundError'{0x00000000829fcd30}: org/apache/logging/log4j/spi/LoggerAdapter> (0x00000000829fcd30) 
thrown [s\src\hotspot\share\classfile\systemDictionary.cpp, line 301]
Event: 0.877 Thread 0x000001d2e56fcfc0 Exception <a 'java/lang/ClassNotFoundException'{0x0000000083e54f08}: com/sun/org/apache/xerces/internal/impl/xpath/regex/spi/messageProvider> (0x0000000083e54f08) 
thrown [s\src\hotspot\share\classfile\systemDictionary.cpp, line 312]
Event: 1.136 Thread 0x000001d2e56fcfc0 Exception <a 'java/lang/NoSuchMethodError'{0x0000000083560210}: 'java.lang.Object java.lang.invoke.DirectMethodHandle$Holder.invokeInterface(java.lang.Object, java.lang.Object)'> (0x0000000083560210) 
thrown [s\src\hotspot\share\interpreter\linkResolver.cpp, line 773]
Event: 1.136 Thread 0x000001d2e56fcfc0 Exception <a 'java/lang/IncompatibleClassChangeError'{0x00000000835637e8}: Found class java.lang.Object, but interface was expected> (0x00000000835637e8) 
thrown [s\src\hotspot\share\interpreter\linkResolver.cpp, line 840]
Event: 1.298 Thread 0x000001d2e56fcfc0 Exception <a 'java/lang/NoSuchMethodError'{0x0000000083f113a0}: 'java.lang.Object java.lang.invoke.Invokers$Holder.invokeExact_MT(java.lang.Object, java.lang.Object, java.lang.Object, java.lang.Object, java.lang.Object, java.lang.Object)'> (0x0000000083f113a0) 
thrown [s\src\hotspot\share\interpreter\linkResolver.cpp, line 773]
Event: 1.328 Thread 0x000001d2e56fcfc0 Exception <a 'java/lang/NoSuchMethodError'{0x0000000083e74820}: 'int java.lang.invoke.DirectMethodHandle$Holder.invokeVirtual(java.lang.Object, java.lang.Object, java.lang.Object)'> (0x0000000083e74820) 
thrown [s\src\hotspot\share\interpreter\linkResolver.cpp, line 773]
Event: 1.357 Thread 0x000001d2e56fcfc0 Exception <a 'java/lang/NoSuchMethodError'{0x0000000083b59760}: 'void java.lang.invoke.DirectMethodHandle$Holder.invokeInterface(java.lang.Object, java.lang.Object, java.lang.Object)'> (0x0000000083b59760) 
thrown [s\src\hotspot\share\interpreter\linkResolver.cpp, line 773]
Event: 1.390 Thread 0x000001d2e56fcfc0 Exception <a 'java/lang/NoSuchMethodError'{0x0000000083a40d38}: 'java.lang.Object java.lang.invoke.DirectMethodHandle$Holder.invokeVirtual(java.lang.Object, java.lang.Object, java.lang.Object)'> (0x0000000083a40d38) 
thrown [s\src\hotspot\share\interpreter\linkResolver.cpp, line 773]
Event: 3.108 Thread 0x000001d2e56fcfc0 Implicit null exception at 0x000001d2efe19d58 to 0x000001d2efe1b600
Event: 3.461 Thread 0x000001d2e56fcfc0 Implicit null exception at 0x000001d2efdd3881 to 0x000001d2efdd38b4
Event: 5.315 Thread 0x000001d2e56fcfc0 Exception <a 'java/lang/NoSuchMethodError'{0x000000008e222b40}: 'java.lang.Object java.lang.invoke.DirectMethodHandle$Holder.invokeStaticInit(java.lang.Object, java.lang.Object, java.lang.Object, java.lang.Object)'> (0x000000008e222b40) 
thrown [s\src\hotspot\share\interpreter\linkResolver.cpp, line 773]
Event: 7.653 Thread 0x000001d2e56fcfc0 Implicit null exception at 0x000001d2f012d8c7 to 0x000001d2f0130720
Event: 7.739 Thread 0x000001d2e56fcfc0 Implicit null exception at 0x000001d2efd4b805 to 0x000001d2efd4bb6c
Event: 9.004 Thread 0x000001d2e56fcfc0 Exception <a 'java/lang/NoSuchMethodError'{0x0000000099e19dc0}: 'java.lang.Object java.lang.invoke.DirectMethodHandle$Holder.invokeSpecial(java.lang.Object, java.lang.Object, java.lang.Object, int, java.lang.Object)'> (0x0000000099e19dc0) 
thrown [s\src\hotspot\share\interpreter\linkResolver.cpp, line 773]

ZGC Phase Switch (0 events):
No events

VM Operations (20 events):
Event: 7.640 Executing safepoint VM operation: G1CollectForAllocation (G1 Evacuation Pause) done
Event: 8.056 Executing safepoint VM operation: G1CollectForAllocation (G1 Evacuation Pause)
Event: 8.066 Executing safepoint VM operation: G1CollectForAllocation (G1 Evacuation Pause) done
Event: 8.306 Executing safepoint VM operation: G1CollectForAllocation (G1 Evacuation Pause)
Event: 8.329 Executing safepoint VM operation: G1CollectForAllocation (G1 Evacuation Pause) done
Event: 8.403 Executing safepoint VM operation: G1TryInitiateConcMark (G1 Humongous Allocation)
Event: 8.420 Executing safepoint VM operation: G1TryInitiateConcMark (G1 Humongous Allocation) done
Event: 8.440 Executing non-safepoint VM operation: HandshakeAllThreads (Deoptimize)
Event: 8.440 Executing non-safepoint VM operation: HandshakeAllThreads (Deoptimize) done
Event: 8.580 Executing safepoint VM operation: G1PauseRemark
Event: 8.584 Executing safepoint VM operation: G1PauseRemark done
Event: 8.648 Executing safepoint VM operation: G1PauseCleanup
Event: 8.649 Executing safepoint VM operation: G1PauseCleanup done
Event: 8.941 Executing safepoint VM operation: G1CollectForAllocation (G1 Evacuation Pause)
Event: 8.955 Executing safepoint VM operation: G1CollectForAllocation (G1 Evacuation Pause) done
Event: 8.999 Executing non-safepoint VM operation: HandshakeAllThreads (Deoptimize)
Event: 8.999 Executing non-safepoint VM operation: HandshakeAllThreads (Deoptimize) done
Event: 9.267 Executing safepoint VM operation: G1CollectForAllocation (G1 Evacuation Pause)
Event: 9.291 Executing safepoint VM operation: G1CollectForAllocation (G1 Evacuation Pause) done
Event: 9.817 Executing safepoint VM operation: G1CollectForAllocation (G1 Evacuation Pause)

Memory protections (0 events):
No events

Nmethod flushes (20 events):
Event: 8.583 Thread 0x000001d2fd1803d0 flushing  nmethod 0x000001d2e855d390
Event: 8.583 Thread 0x000001d2fd1803d0 flushing  nmethod 0x000001d2e855e510
Event: 8.583 Thread 0x000001d2fd1803d0 flushing  nmethod 0x000001d2e855f210
Event: 8.583 Thread 0x000001d2fd1803d0 flushing  nmethod 0x000001d2e85c6310
Event: 8.583 Thread 0x000001d2fd1803d0 flushing  nmethod 0x000001d2e85c7b90
Event: 8.583 Thread 0x000001d2fd1803d0 flushing  nmethod 0x000001d2e85c9210
Event: 8.583 Thread 0x000001d2fd1803d0 flushing  nmethod 0x000001d2e85c9790
Event: 8.583 Thread 0x000001d2fd1803d0 flushing  nmethod 0x000001d2e85cad10
Event: 8.583 Thread 0x000001d2fd1803d0 flushing  nmethod 0x000001d2e85cb310
Event: 8.583 Thread 0x000001d2fd1803d0 flushing  nmethod 0x000001d2e85cbb90
Event: 8.583 Thread 0x000001d2fd1803d0 flushing  nmethod 0x000001d2e85ce810
Event: 8.583 Thread 0x000001d2fd1803d0 flushing  nmethod 0x000001d2e862af90
Event: 8.583 Thread 0x000001d2fd1803d0 flushing  nmethod 0x000001d2e862b590
Event: 8.583 Thread 0x000001d2fd1803d0 flushing  nmethod 0x000001d2e862bf90
Event: 8.583 Thread 0x000001d2fd1803d0 flushing  nmethod 0x000001d2e8636290
Event: 8.583 Thread 0x000001d2fd1803d0 flushing  nmethod 0x000001d2e8636a10
Event: 8.583 Thread 0x000001d2fd1803d0 flushing osr nmethod 0x000001d2e875e110
Event: 8.583 Thread 0x000001d2fd1803d0 flushing osr nmethod 0x000001d2e876c910
Event: 8.583 Thread 0x000001d2fd1803d0 flushing  nmethod 0x000001d2e877cc90
Event: 8.583 Thread 0x000001d2fd1803d0 flushing  nmethod 0x000001d2e877d710

Events (20 events):
Event: 0.072 Thread 0x000001d2e56fcfc0 Thread added: 0x000001d2fd1f5c20
Event: 0.072 Thread 0x000001d2e56fcfc0 Thread added: 0x000001d2fd1f6a20
Event: 0.181 Thread 0x000001d2fd1f6a20 Thread added: 0x000001d2fd290290
Event: 0.207 Thread 0x000001d2e56fcfc0 Thread added: 0x000001d2fd48b8a0
Event: 0.212 Thread 0x000001d2e56fcfc0 Thread added: 0x000001d2fd44f430
Event: 0.257 Thread 0x000001d2fd1f5c20 Thread added: 0x000001d2fd5e30d0
Event: 0.342 Thread 0x000001d2e56fcfc0 Thread added: 0x000001d2fd957e60
Event: 0.354 Thread 0x000001d2fd957e60 Thread exited: 0x000001d2fd957e60
Event: 1.201 Thread 0x000001d2fd290290 Thread added: 0x000001d2feb233b0
Event: 1.201 Thread 0x000001d2fd5e30d0 Thread added: 0x000001d2fee9c1c0
Event: 1.211 Thread 0x000001d2fd290290 Thread added: 0x000001d2fee9c870
Event: 1.332 Thread 0x000001d2fd1f6a20 Thread added: 0x000001d2fec99e70
Event: 1.520 Thread 0x000001d2fd1f6a20 Thread added: 0x000001d2ff02dff0
Event: 1.558 Thread 0x000001d2fd290290 Thread added: 0x000001d2fe920140
Event: 8.048 Thread 0x000001d2fe920140 Thread exited: 0x000001d2fe920140
Event: 8.048 Thread 0x000001d2feb233b0 Thread exited: 0x000001d2feb233b0
Event: 8.049 Thread 0x000001d2ff02dff0 Thread exited: 0x000001d2ff02dff0
Event: 8.049 Thread 0x000001d2fee9c1c0 Thread exited: 0x000001d2fee9c1c0
Event: 8.049 Thread 0x000001d2fd5e30d0 Thread exited: 0x000001d2fd5e30d0
Event: 8.969 Thread 0x000001d2fec99e70 Thread exited: 0x000001d2fec99e70


Dynamic libraries:
0x00007ff766e70000 - 0x00007ff766e7e000 	c:\Users\leost\.vscode\extensions\ltex-plus.vscode-ltex-plus-15.7.1\lib\ltex-ls-plus-18.7.0\jdk-21.0.10+7\bin\java.exe
0x00007fff526f0000 - 0x00007fff52908000 	C:\Windows\SYSTEM32\ntdll.dll
0x00007fff51220000 - 0x00007fff512e4000 	C:\Windows\System32\KERNEL32.DLL
0x00007fff4fa40000 - 0x00007fff4fe13000 	C:\Windows\System32\KERNELBASE.dll
0x00007fff4fe20000 - 0x00007fff4ff31000 	C:\Windows\System32\ucrtbase.dll
0x00007fff496f0000 - 0x00007fff49708000 	c:\Users\leost\.vscode\extensions\ltex-plus.vscode-ltex-plus-15.7.1\lib\ltex-ls-plus-18.7.0\jdk-21.0.10+7\bin\jli.dll
0x00007fff40c50000 - 0x00007fff40c6e000 	c:\Users\leost\.vscode\extensions\ltex-plus.vscode-ltex-plus-15.7.1\lib\ltex-ls-plus-18.7.0\jdk-21.0.10+7\bin\VCRUNTIME140.dll
0x00007fff50c20000 - 0x00007fff50dd2000 	C:\Windows\System32\USER32.dll
0x00007fff50360000 - 0x00007fff50386000 	C:\Windows\System32\win32u.dll
0x00007fff415e0000 - 0x00007fff4187c000 	C:\Windows\WinSxS\amd64_microsoft.windows.common-controls_6595b64144ccf1df_6.0.22621.6060_none_2712eda17382d24b\COMCTL32.dll
0x00007fff50de0000 - 0x00007fff50e09000 	C:\Windows\System32\GDI32.dll
0x00007fff50e10000 - 0x00007fff50eb7000 	C:\Windows\System32\msvcrt.dll
0x00007fff4f920000 - 0x00007fff4fa3b000 	C:\Windows\System32\gdi32full.dll
0x00007fff4f880000 - 0x00007fff4f91a000 	C:\Windows\System32\msvcp_win.dll
0x00007fff52060000 - 0x00007fff52091000 	C:\Windows\System32\IMM32.DLL
0x00007fff4aa10000 - 0x00007fff4aa1c000 	c:\Users\leost\.vscode\extensions\ltex-plus.vscode-ltex-plus-15.7.1\lib\ltex-ls-plus-18.7.0\jdk-21.0.10+7\bin\vcruntime140_1.dll
0x00007fff3bac0000 - 0x00007fff3bb4d000 	c:\Users\leost\.vscode\extensions\ltex-plus.vscode-ltex-plus-15.7.1\lib\ltex-ls-plus-18.7.0\jdk-21.0.10+7\bin\msvcp140.dll
0x00007ffee3760000 - 0x00007ffee4501000 	c:\Users\leost\.vscode\extensions\ltex-plus.vscode-ltex-plus-15.7.1\lib\ltex-ls-plus-18.7.0\jdk-21.0.10+7\bin\server\jvm.dll
0x00007fff50ae0000 - 0x00007fff50b91000 	C:\Windows\System32\ADVAPI32.dll
0x00007fff50390000 - 0x00007fff50438000 	C:\Windows\System32\sechost.dll
0x00007fff50080000 - 0x00007fff500a8000 	C:\Windows\System32\bcrypt.dll
0x00007fff51bc0000 - 0x00007fff51cd8000 	C:\Windows\System32\RPCRT4.dll
0x00007fff51cf0000 - 0x00007fff51d61000 	C:\Windows\System32\WS2_32.dll
0x00007fff4b670000 - 0x00007fff4b67a000 	C:\Windows\SYSTEM32\VERSION.dll
0x00007fff4f6d0000 - 0x00007fff4f71d000 	C:\Windows\SYSTEM32\POWRPROF.dll
0x00007fff4cdf0000 - 0x00007fff4ce24000 	C:\Windows\SYSTEM32\WINMM.dll
0x00007fff4f6b0000 - 0x00007fff4f6c3000 	C:\Windows\SYSTEM32\UMPDC.dll
0x00007fff4e7a0000 - 0x00007fff4e7b8000 	C:\Windows\SYSTEM32\kernel.appcore.dll
0x00007fff44720000 - 0x00007fff4472a000 	c:\Users\leost\.vscode\extensions\ltex-plus.vscode-ltex-plus-15.7.1\lib\ltex-ls-plus-18.7.0\jdk-21.0.10+7\bin\jimage.dll
0x00007fff4cba0000 - 0x00007fff4cdd3000 	C:\Windows\SYSTEM32\DBGHELP.DLL
0x00007fff505c0000 - 0x00007fff50951000 	C:\Windows\System32\combase.dll
0x00007fff504e0000 - 0x00007fff505b8000 	C:\Windows\System32\OLEAUT32.dll
0x00007fff4cb60000 - 0x00007fff4cb92000 	C:\Windows\SYSTEM32\dbgcore.DLL
0x00007fff4ff40000 - 0x00007fff4ffbb000 	C:\Windows\System32\bcryptPrimitives.dll
0x00007fff40a00000 - 0x00007fff40a20000 	c:\Users\leost\.vscode\extensions\ltex-plus.vscode-ltex-plus-15.7.1\lib\ltex-ls-plus-18.7.0\jdk-21.0.10+7\bin\java.dll
0x00007fff3d7b0000 - 0x00007fff3d7c8000 	c:\Users\leost\.vscode\extensions\ltex-plus.vscode-ltex-plus-15.7.1\lib\ltex-ls-plus-18.7.0\jdk-21.0.10+7\bin\zip.dll
0x00007fff512f0000 - 0x00007fff51b8c000 	C:\Windows\System32\SHELL32.dll
0x00007fff500b0000 - 0x00007fff501ef000 	C:\Windows\System32\wintypes.dll
0x00007fff4d6b0000 - 0x00007fff4dfca000 	C:\Windows\SYSTEM32\windows.storage.dll
0x00007fff51f50000 - 0x00007fff52054000 	C:\Windows\System32\SHCORE.dll
0x00007fff520a0000 - 0x00007fff52109000 	C:\Windows\System32\shlwapi.dll
0x00007fff4f730000 - 0x00007fff4f755000 	C:\Windows\SYSTEM32\profapi.dll
0x00007fff31040000 - 0x00007fff31117000 	c:\Users\leost\.vscode\extensions\ltex-plus.vscode-ltex-plus-15.7.1\lib\ltex-ls-plus-18.7.0\jdk-21.0.10+7\bin\jsvml.dll
0x00007fff40c40000 - 0x00007fff40c50000 	C:\Users\leost\.vscode\extensions\ltex-plus.vscode-ltex-plus-15.7.1\lib\ltex-ls-plus-18.7.0\jdk-21.0.10+7\bin\net.dll
0x00007fff4bff0000 - 0x00007fff4c11c000 	C:\Windows\SYSTEM32\WINHTTP.dll
0x00007fff4ec60000 - 0x00007fff4ecc9000 	C:\Windows\system32\mswsock.dll
0x00007fff3d790000 - 0x00007fff3d7a6000 	C:\Users\leost\.vscode\extensions\ltex-plus.vscode-ltex-plus-15.7.1\lib\ltex-ls-plus-18.7.0\jdk-21.0.10+7\bin\nio.dll
0x00007fff40600000 - 0x00007fff40624000 	C:\Users\leost\AppData\Local\Temp\jansi-2.4.3-f680d3cd5060ec01-jansi.dll
0x00007fff49720000 - 0x00007fff49730000 	c:\Users\leost\.vscode\extensions\ltex-plus.vscode-ltex-plus-15.7.1\lib\ltex-ls-plus-18.7.0\jdk-21.0.10+7\bin\verify.dll

JVMTI agents: none

dbghelp: loaded successfully - version: 4.0.5 - missing functions: none
symbol engine: initialized successfully - sym options: 0x614 - pdb path: .;c:\Users\leost\.vscode\extensions\ltex-plus.vscode-ltex-plus-15.7.1\lib\ltex-ls-plus-18.7.0\jdk-21.0.10+7\bin;C:\Windows\SYSTEM32;C:\Windows\WinSxS\amd64_microsoft.windows.common-controls_6595b64144ccf1df_6.0.22621.6060_none_2712eda17382d24b;c:\Users\leost\.vscode\extensions\ltex-plus.vscode-ltex-plus-15.7.1\lib\ltex-ls-plus-18.7.0\jdk-21.0.10+7\bin\server;C:\Users\leost\AppData\Local\Temp

VM Arguments:
jvm_args: -Xms64m -Xmx2048m -Dapp.name=ltex-ls-plus -Dapp.repo=c:\Users\leost\.vscode\extensions\ltex-plus.vscode-ltex-plus-15.7.1\lib\ltex-ls-plus-18.7.0\lib -Dapp.home=c:\Users\leost\.vscode\extensions\ltex-plus.vscode-ltex-plus-15.7.1\lib\ltex-ls-plus-18.7.0 -Dbasedir=c:\Users\leost\.vscode\extensions\ltex-plus.vscode-ltex-plus-15.7.1\lib\ltex-ls-plus-18.7.0 
java_command: org.bsplines.ltexls.LtexLanguageServerLauncher
java_class_path (initial): c:\Users\leost\.vscode\extensions\ltex-plus.vscode-ltex-plus-15.7.1\lib\ltex-ls-plus-18.7.0\etc;c:\Users\leost\.vscode\extensions\ltex-plus.vscode-ltex-plus-15.7.1\lib\ltex-ls-plus-18.7.0\lib\aho-corasick-double-array-trie-1.2.2.jar;c:\Users\leost\.vscode\extensions\ltex-plus.vscode-ltex-plus-15.7.1\lib\ltex-ls-plus-18.7.0\lib\angus-activation-2.0.2.jar;c:\Users\leost\.vscode\extensions\ltex-plus.vscode-ltex-plus-15.7.1\lib\ltex-ls-plus-18.7.0\lib\animal-sniffer-annotations-1.24.jar;c:\Users\leost\.vscode\extensions\ltex-plus.vscode-ltex-plus-15.7.1\lib\ltex-ls-plus-18.7.0\lib\annotations-12.0.jar;c:\Users\leost\.vscode\extensions\ltex-plus.vscode-ltex-plus-15.7.1\lib\ltex-ls-plus-18.7.0\lib\annotations-13.0.jar;c:\Users\leost\.vscode\extensions\ltex-plus.vscode-ltex-plus-15.7.1\lib\ltex-ls-plus-18.7.0\lib\annotations-4.1.1.4.jar;c:\Users\leost\.vscode\extensions\ltex-plus.vscode-ltex-plus-15.7.1\lib\ltex-ls-plus-18.7.0\lib\asturian-pos-dict-0.1.jar;c:\Users\leost\.vscode\extensions\ltex-plus.vscode-ltex-plus-15.7.1\lib\ltex-ls-plus-18.7.0\lib\catalan-pos-dict-3.3.jar;c:\Users\leost\.vscode\extensions\ltex-plus.vscode-ltex-plus-15.7.1\lib\ltex-ls-plus-18.7.0\lib\commons-digester-2.1.jar;c:\Users\leost\.vscode\extensions\ltex-plus.vscode-ltex-plus-15.7.1\lib\ltex-ls-plus-18.7.0\lib\commons-lang3-3.18.0.jar;c:\Users\leost\.vscode\extensions\ltex-plus.vscode-ltex-plus-15.7.1\lib\ltex-ls-plus-18.7.0\lib\commons-logging-1.3.4.jar;c:\Users\leost\.vscode\extensions\ltex-plus.vscode-ltex-plus-15.7.1\lib\ltex-ls-plus-18.7.0\lib\commons-pool2-2.12.0.jar;c:\Users\leost\.vscode\extensions\ltex-plus.vscode-ltex-plus-15.7.1\lib\ltex-ls-plus-18.7.0\lib\commons-text-1.12.0.jar;c:\Users\leost\.vscode\extensions\ltex-plus.vscode-ltex-plus-15.7.1\lib\ltex-ls-plus-18.7.0\lib\commons-validator-1.9.0.jar;c:\Users\leost\.vscode\extensions\ltex-plus.vscode-ltex-plus-15.7.1\lib\ltex-ls-plus-18.7.0\lib\dutch-pos-dict-0.1.jar;c:\Users\leost\.vscode\extensions\ltex-plus.vscode-ltex-plus-15.7.1\lib\ltex-ls-plus-18.7.0\lib\english-pos-dict-0.6.jar;c:\Users\leost\.vscode\extensions\ltex-plus.vscode-ltex-plus-15.7.1\lib\ltex-ls-plus-18.7.0\lib\error_prone_annotations-2.48.0.jar;c:\Users\leost\.vscode\extensions\ltex-plus.vscode-ltex-plus-15.7.1\lib\ltex-ls-plus-18.7.0\lib\failureaccess-1.0.3.jar;c:\Users\leost\.vscode\extensions\ltex-plus.vscode-ltex-plus-15.7.1\lib\ltex-ls-plus-18.7.0\lib\fastutil-core-8.5.14.jar;c:\Users\leost\.vscode\extensions\ltex-plus.vscode-ltex-plus-15.7.1\lib\ltex-ls-plus-18.7.0\lib\flexmark-0.64.8.jar;c:\Users\leost\.vscode\extensions\ltex-plus.vscode-ltex-plus-15.7.1\lib\ltex-ls-plus-18.7.0\lib\flexmark-ext-definition-0.64.8.jar;c:\Users\leost\.vscode\extensions\ltex-plus.vscode-ltex-plus-15.7.1\lib\ltex-ls-plus-18.7.0\lib\flexmark-ext-gfm-strikethrough-0.64.8.jar;c:\Users\leost\.vscode\extensions\ltex-plus.vscode-ltex-plus-15.7.1\lib\ltex-ls-plus-18.7.0\lib\flexmark-ext-gitlab-0.64.8.jar;c:\Users\leost\.vscode\extensions\ltex-plus.vscode-ltex-plus-15.7.1\lib\ltex-ls-plus-18.7.0\lib\flexmark-ext-tables-0.64.8.jar;c:\Users\leost\.vscode\extensions\ltex-plus.vscode-ltex-plus-15.7.1\lib\ltex-ls-plus-18.7.0\lib\flexmark-ext-yaml-front-matter-0.64.8.jar;c:\Users\leost\.vscode\extensions\ltex-plus.vscode-ltex-plus-15.7.1\lib\ltex-ls-plus-18.7.0\lib\flexmark-test-util-0.64.8.jar;c:\Users\leost\.vscode\extensions\ltex-plus.vscode-ltex-plus-15.7.1\lib\ltex-ls-plus-18.7.0\lib\flexmark-util-0.64.8.jar;c:\Users\leost\.vscode\extensions\ltex-plus.vscode-ltex-plus-15.7.1\lib\ltex-ls-plus-18.7.0\lib\flexmark-util-ast-0.64.8.jar;c:\Users\leost\.vscode\extensions\ltex-plus.vscode-ltex-plus-15.7.1\lib\ltex-ls-plus-18.7.0\lib\flexmark-util-builder-0.64.8.jar;c:\Users\leost\.vscode\extensions\ltex-plus.vscode-ltex-plus-15.7.1\lib\ltex-ls-plus-18.7.0\lib\flexmark-util-collection-0.64.8.jar;c:\Users\leost\.vscode\extensions\ltex-plus.vscode-ltex-plus-15.7.1\lib\ltex-ls-plus-18.7.0\lib\flexmark-util-data-0.64.8.jar;c:\Users\leost\.vscode\extensions\ltex-plus.vscode-ltex-plus-15.7.1\lib\ltex-ls-plus-18.7.0\lib\flexmark-util-dependency-0.64.8.jar;c:\Users\leost\.vscode\extensions\ltex-plus.vscode-ltex-plus-15.7.1\lib\ltex-ls-plus-18.7.0\lib\flexmark-util-format-0.64.8.jar;c:\Users\leost\.vscode\extensions\ltex-plus.vscode-ltex-plus-15.7.1\lib\ltex-ls-plus-18.7.0\lib\flexmark-util-html-0.64.8.jar;c:\Users\leost\.vscode\extensions\ltex-plus.vscode-ltex-plus-15.7.1\lib\ltex-ls-plus-18.7.0\lib\flexmark-util-misc-0.64.8.jar;c:\Users\leost\.vscode\extensions\ltex-plus.vscode-ltex-plus-15.7.1\lib\ltex-ls-plus-18.7.0\lib\flexmark-util-options-0.64.8.jar;c:\Users\leost\.vscode\extensions\ltex-plus.vscode-ltex-plus-15.7.1\lib\ltex-ls-plus-18.7.0\lib\flexmark-util-sequence-0.64.8.jar;c:\Users\leost\.vscode\extensions\ltex-plus.vscode-ltex-plus-15.7.1\lib\ltex-ls-plus-18.7.0\lib\flexmark-util-visitor-0.64.8.jar;c:\Users\leost\.vscode\extensions\ltex-plus.vscode-ltex-plus-15.7.1\lib\ltex-ls-plus-18.7.0\lib\french-pos-dict-0.7.jar;c:\Users\leost\.vscode\extensions\ltex-plus.vscode-ltex-plus-15.7.1\lib\ltex-ls-plus-18.7.0\lib\german-pos-dict-1.2.4.jar;c:\Users\leost\.vscode\extensions\ltex-plus.vscode-ltex-plus-15.7.1\lib\ltex-ls-plus-18.7.0\lib\grpc-api-1.75.0.jar;c:\Users\leost\.vscode\extensions\ltex-plus.vscode-ltex-plus-15.7.1\lib\ltex-ls-plus-18.7.0\lib\grpc-context-1.75.0.jar;c:\Users\leost\.vscode\extensions\ltex-plus.vscode-ltex-plus-15.7.1\lib\ltex-ls-plus-18.7.0\lib\grpc-core-1.75.0.jar;c:\Users\leost\.vscode\extensions\ltex-plus.vscode-ltex-plus-15.7.1\lib\ltex-ls-plus-18.7.0\lib\grpc-netty-shaded-1.75.0.jar;c:\Users\leost\.vscode\extensions\ltex-plus.vscode-ltex-plus-15.7.1\lib\ltex-ls-plus-18.7.0\lib\grpc-protobuf-1.75.0.jar;c:\Users\leost\.vscode\extensions\ltex-plus.vscode-ltex-plus-15.7.1\lib\ltex-ls-plus-18.7.0\lib\grpc-protobuf-lite-1.75.0.jar;c:\Users\leost\.vscode\extensions\ltex-plus.vscode-ltex-plus-15.7.1\lib\ltex-ls-plus-18.7.0\lib\grpc-stub-1.75.0.jar;c:\Users\leost\.vscode\extensions\ltex-plus.vscode-ltex-plus-15.7.1\lib\ltex-ls-plus-18.7.0\lib\grpc-util-1.75.0.jar;c:\Users\leost\.vscode\extensions\ltex-plus.vscode-ltex-plus-15.7.1\lib\ltex-ls-plus-18.7.0\lib\gson-2.14.0.jar;c:\Users\leost\.vscode\extensions\ltex-plus.vscode-ltex-plus-15.7.1\lib\ltex-ls-plus-18.7.0\lib\guava-33.5.0-jre.jar;c:\Users\leost\.vscode\extensions\ltex-plus.vscode-ltex-plus-15.7.1\lib\ltex-ls-plus-18.7.0\lib\hamcrest-core-1.3.jar;c:\Users\leost\.vscode\extensions\ltex-plus.vscode-ltex-plus-15.7.1\lib\ltex-ls-plus-18.7.0\lib\hanlp-portable-1.8.2.jar;c:\Users\leost\.vscode\extensions\ltex-plus.vscode-ltex-plus-15.7.1\lib\ltex-ls-plus-18.7.0\lib\HdrHistogram-2.1.12.jar;c:\Users\leost\.vscode\extensions\ltex-plus.vscode-ltex-plus-15.7.1\lib\ltex-ls-plus-18.7.0\lib\hppc-0.8.2.jar;c:\Users\leost\.vscode\extensions\ltex-plus.vscode-ltex-plus-15.7.1\lib\ltex-ls-plus-18.7.0\lib\hunspell-2.1.2.jar;c:\Users\leost\.vscode\extensions\ltex-plus.vscode-ltex-plus-15.7.1\lib\ltex-ls-plus-18.7.0\lib\icu4j-77.1.jar;c:\Users\leost\.vscode\extensions\ltex-plus.vscode-ltex-plus-15.7.1\lib\ltex-ls-plus-18.7.0\lib\indriya-1.3.jar;c:\Users\leost\.vscode\extensions\ltex-plus.vscode-ltex-plus-15.7.1\lib\ltex-ls-plus-18.7.0\lib\istack-commons-runtime-4.1.2.jar;c:\Users\leost\.vscode\extensions\ltex-plus.vscode-ltex-plus-15.7.1\lib\ltex-ls-plus-18.7.0\lib\j2objc-annotations-3.1.jar;c:\Users\leost\.vscode\extensions\ltex-plus.vscode-ltex-plus-15.7.1\lib\ltex-ls-plus-18.7.0\lib\jackson-annotations-2.18.0.jar;c:\Users\leost\.vscode\extensions\ltex-plus.vscode-ltex-plus-15.7.1\lib\ltex-ls-plus-18.7.0\lib\jackson-core-2.18.0.jar;c:\Users\leost\.vscode\extensions\ltex-plus.vscode-ltex-plus-15.7.1\lib\ltex-ls-plus-18.7.0\lib\jackson-databind-2.18.0.jar;c:\Users\leost\.vscode\extensions\ltex-plus.vscode-ltex-plus-15.7.1\lib\ltex-ls-plus-18.7.0\lib\jakarta.activation-1.2.2.jar;c:\Users\leost\.vscode\extensions\ltex-plus.vscode-ltex-plus-15.7.1\lib\ltex-ls-plus-18.7.0\lib\jakarta.activation-api-2.1.3.jar;c:\Users\leost\.vscode\extensions\ltex-plus.vscode-ltex-plus-15.7.1\lib\ltex-ls-plus-18.7.0\lib\jakarta.xml.bind-api-2.3.3.jar;c:\Users\leost\.vscode\extensions\ltex-plus.vscode-ltex-plus-15.7.1\lib\ltex-ls-plus-18.7.0\lib\jansi-2.4.3.jar;c:\Users\leost\.vscode\extensions\ltex-plus.vscode-ltex-plus-15.7.1\lib\ltex-ls-plus-18.7.0\lib\java-diff-utils-4.12.jar;c:\Users\leost\.vscode\extensions\ltex-plus.vscode-ltex-plus-15.7.1\lib\ltex-ls-plus-18.7.0\lib\javax.activation-api-1.2.0.jar;c:\Users\leost\.vscode\extensions\ltex-plus.vscode-ltex-plus-15.7.1\lib\ltex-ls-plus-18.7.0\lib\javax.annotation-api-1.3.2.jar;c:\Users\leost\.vscode\extensions\ltex-plus.vscode-ltex-plus-15.7.1\lib\ltex-ls-plus-18.7.0\lib\jaxb-api-2.3.1.jar;c:\Users\leost\.vscode\extensions\ltex-plus.vscode-ltex-plus-15.7.1\lib\ltex-ls-plus-18.7.0\lib\jaxb-core-2.3.0.1.jar;c:\Users\leost\.vscode\extensions\ltex-plus.vscode-ltex-plus-15.7.1\lib\ltex-ls-plus-18.7.0\lib\jaxb-core-4.0.5.jar;c:\Users\leost\.vscode\extensions\ltex-plus.vscode-ltex-plus-15.7.1\lib\ltex-ls-plus-18.7.0\lib\jaxb-impl-2.3.3.jar;c:\Users\leost\.vscode\extensions\ltex-plus.vscode-ltex-plus-15.7.1\lib\ltex-ls-plus-18.7.0\lib\jaxb-runtime-4.0.5.jar;c:\Users\leost\.vscode\extensions\ltex-plus.vscode-ltex-plus-15.7.1\lib\ltex-ls-plus-18.7.0\lib\jna-5.12.1.jar;c:\Users\leost\.vscode\extensions\ltex-plus.vscode-ltex-plus-15.7.1\lib\ltex-ls-plus-18.7.0\lib\jna-platform-5.12.1.jar;c:\Users\leost\.vscode\extensions\ltex-plus.vscode-ltex-plus-15.7.1\lib\ltex-ls-plus-18.7.0\lib\json-20240303.jar;c:\Users\leost\.vscode\extensions\ltex-plus.vscode-ltex-plus-15.7.1\lib\ltex-ls-plus-18.7.0\lib\jsonic-1.2.11.jar;c:\Users\leost\.vscode\extensions\ltex-plus.vscode-ltex-plus-15.7.1\lib\ltex-ls-plus-18.7.0\lib\jspecify-1.0.0.jar;c:\Users\leost\.vscode\extensions\ltex-plus.vscode-ltex-plus-15.7.1\lib\ltex-ls-plus-18.7.0\lib\jsr305-3.0.2.jar;c:\Users\leost\.vscode\extensions\ltex-plus.vscode-ltex-plus-15.7.1\lib\ltex-ls-plus-18.7.0\lib\junit-4.13.2.jar;c:\Users\leost\.vscode\extensions\ltex-plus.vscode-ltex-plus-15.7.1\lib\ltex-ls-plus-18.7.0\lib\jwordsplitter-4.7.jar;c:\Users\leost\.vscode\extensions\ltex-plus.vscode-ltex-plus-15.7.1\lib\ltex-ls-plus-18.7.0\lib\kotlin-stdlib-2.3.21.jar;c:\Users\leost\.vscode\extensions\ltex-plus.vscode-ltex-plus-15.7.1\lib\ltex-ls-plus-18.7.0\lib\language-all-6.8.jar;c:\Users\leost\.vscode\extensions\ltex-plus.vscode-ltex-plus-15.7.1\lib\ltex-ls-plus-18.7.0\lib\language-ar-6.8.jar;c:\Users\leost\.vscode\extensions\ltex-plus.vscode-ltex-plus-15.7.1\lib\ltex-ls-plus-18.7.0\lib\language-ast-6.8.jar;c:\Users\leost\.vscode\extensions\ltex-plus.vscode-ltex-plus-15.7.1\lib\ltex-ls-plus-18.7.0\lib\language-be-6.8.jar;c:\Users\leost\.vscode\extensions\ltex-plus.vscode-ltex-plus-15.7.1\lib\ltex-ls-plus-18.7.0\lib\language-br-6.8.jar;c:\Users\leost\.vscode\extensions\ltex-plus.vscode-ltex-plus-15.7.1\lib\ltex-ls-plus-18.7.0\lib\language-ca-6.8.jar;c:\Users\leost\.vscode\extensions\ltex-plus.vscode-ltex-plus-15.7.1\lib\ltex-ls-plus-18.7.0\lib\language-crh-6.8.jar;c:\Users\leost\.vscode\extensions\ltex-plus.vscode-ltex-plus-15.7.1\lib\ltex-ls-plus-18.7.0\lib\language-da-6.8.jar;c:\Users\leost\.vscode\extensions\ltex-plus.vscode-ltex-plus-15.7.1\lib\ltex-ls-plus-18.7.0\lib\language-de-6.8.jar;c:\Users\leost\.vscode\extensions\ltex-plus.vscode-ltex-plus-15.7.1\lib\ltex-ls-plus-18.7.0\lib\language-de-DE-x-simple-language-6.8.jar;c:\Users\leost\.vscode\extensions\ltex-plus.vscode-ltex-plus-15.7.1\lib\ltex-ls-plus-18.7.0\lib\language-detector-0.6.jar;c:\Users\leost\.vscode\extensions\ltex-plus.vscode-ltex-plus-15.7.1\lib\ltex-ls-plus-18.7.0\lib\language-el-6.8.jar;c:\Users\leost\.vscode\extensions\ltex-plus.vscode-ltex-plus-15.7.1\lib\ltex-ls-plus-18.7.0\lib\language-en-6.8.jar;c:\Users\leost\.vscode\extensions\ltex-plus.vscode-ltex-plus-15.7.1\lib\ltex-ls-plus-18.7.0\lib\language-eo-6.8.jar;c:\Users\leost\.vscode\extensions\ltex-plus.vscode-ltex-plus-15.7.1\lib\ltex-ls-plus-18.7.0\lib\language-es-6.8.jar;c:\Users\leost\.vscode\extensions\ltex-plus.vscode-ltex-plus-15.7.1\lib\ltex-ls-plus-18.7.0\lib\language-fa-6.8.jar;c:\Users\leost\.vscode\extensions\ltex-plus.vscode-ltex-plus-15.7.1\lib\ltex-ls-plus-18.7.0\lib\language-fr-6.8.jar;c:\Users\leost\.vscode\extensions\ltex-plus.vscode-ltex-plus-15.7.1\lib\ltex-ls-plus-18.7.0\lib\language-ga-6.8.jar;c:\Users\leost\.vscode\extensions\ltex-plus.vscode-ltex-plus-15.7.1\lib\ltex-ls-plus-18.7.0\lib\language-gl-6.8.jar;c:\Users\leost\.vscode\extensions\ltex-plus.vscode-ltex-plus-15.7.1\lib\ltex-ls-plus-18.7.0\lib\language-it-6.8.jar;c:\Users\leost\.vscode\extensions\ltex-plus.vscode-ltex-plus-15.7.1\lib\ltex-ls-plus-18.7.0\lib\language-ja-6.8.jar;c:\Users\leost\.vscode\extensions\ltex-plus.vscode-ltex-plus-15.7.1\lib\ltex-ls-plus-18.7.0\lib\language-km-6.8.jar;c:\Users\leost\.vscode\extensions\ltex-plus.vscode-ltex-plus-15.7.1\lib\ltex-ls-plus-18.7.0\lib\language-nl-6.8.jar;c:\Users\leost\.vscode\extensions\ltex-plus.vscode-ltex-plus-15.7.1\lib\ltex-ls-plus-18.7.0\lib\language-pl-6.8.jar;c:\Users\leost\.vscode\extensions\ltex-plus.vscode-ltex-plus-15.7.1\lib\ltex-ls-plus-18.7.0\lib\language-pt-6.8.jar;c:\Users\leost\.vscode\extensions\ltex-plus.vscode-ltex-plus-15.7.1\lib\ltex-ls-plus-18.7.0\lib\language-ro-6.8.jar;c:\Users\leost\.vscode\extensions\ltex-plus.vscode-ltex-plus-15.7.1\lib\ltex-ls-plus-18.7.0\lib\language-ru-6.8.jar;c:\Users\leost\.vscode\extensions\ltex-plus.vscode-ltex-plus-15.7.1\lib\ltex-ls-plus-18.7.0\lib\language-sk-6.8.jar;c:\Users\leost\.vscode\extensions\ltex-plus.vscode-ltex-plus-15.7.1\lib\ltex-ls-plus-18.7.0\lib\language-sl-6.8.jar;c:\Users\leost\.vscode\extensions\ltex-plus.vscode-ltex-plus-15.7.1\lib\ltex-ls-plus-18.7.0\lib\language-sv-6.8.jar;c:\Users\leost\.vscode\extensions\ltex-plus.vscode-ltex-plus-15.7.1\lib\ltex-ls-plus-18.7.0\lib\language-ta-6.8.jar;c:\Users\leost\.vscode\extensions\ltex-plus.vscode-ltex-plus-15.7.1\lib\ltex-ls-plus-18.7.0\lib\language-tl-6.8.jar;c:\Users\leost\.vscode\extensions\ltex-plus.vscode-ltex-plus-15.7.1\lib\ltex-ls-plus-18.7.0\lib\language-uk-6.8.jar;c:\Users\leost\.vscode\extensions\ltex-plus.vscode-ltex-plus-15.7.1\lib\ltex-ls-plus-18.7.0\lib\language-zh-6.8.jar;c:\Users\leost\.vscode\extensions\ltex-plus.vscode-ltex-plus-15.7.1\lib\ltex-ls-plus-18.7.0\lib\languagetool-core-6.8.jar;c:\Users\leost\.vscode\extensions\ltex-plus.vscode-ltex-plus-15.7.1\lib\ltex-ls-plus-18.7.0\lib\languagetool-ga-dicts-0.02.jar;c:\Users\leost\.vscode\extensions\ltex-plus.vscode-ltex-plus-15.7.1\lib\ltex-ls-plus-18.7.0\lib\LatencyUtils-2.0.3.jar;c:\Users\leost\.vscode\extensions\ltex-plus.vscode-ltex-plus-15.7.1\lib\ltex-ls-plus-18.7.0\lib\linguistics.grammardb.spell.languagetool-1.0.2.jar;c:\Users\leost\.vscode\extensions\ltex-plus.vscode-ltex-plus-15.7.1\lib\ltex-ls-plus-18.7.0\lib\listenablefuture-9999.0-empty-to-avoid-conflict-with-guava.jar;c:\Users\leost\.vscode\extensions\ltex-plus.vscode-ltex-plus-15.7.1\lib\ltex-ls-plus-18.7.0\lib\lspcli-2.3.0.jar;c:\Users\leost\.vscode\extensions\ltex-plus.vscode-ltex-plus-15.7.1\lib\ltex-ls-plus-18.7.0\lib\ltexls-plus-18.7.0.jar;c:\Users\leost\.vscode\extensions\ltex-plus.vscode-ltex-plus-15.7.1\lib\ltex-ls-plus-18.7.0\lib\lucene-backward-codecs-5.5.5.jar;c:\Users\leost\.vscode\extensions\ltex-plus.vscode-ltex-plus-15.7.1\lib\ltex-ls-plus-18.7.0\lib\lucene-core-5.5.5.jar;c:\Users\leost\.vscode\extensions\ltex-plus.vscode-ltex-plus-15.7.1\lib\ltex-ls-plus-18.7.0\lib\lucene-gosen-6.2.1-ipadic.jar;c:\Users\leost\.vscode\extensions\ltex-plus.vscode-ltex-plus-15.7.1\lib\ltex-ls-plus-18.7.0\lib\micrometer-core-1.7.12.jar;c:\Users\leost\.vscode\extensions\ltex-plus.vscode-ltex-plus-15.7.1\lib\ltex-ls-plus-18.7.0\lib\micrometer-registry-prometheus-1.7.12.jar;c:\Users\leost\.vscode\extensions\ltex-plus.vscode-ltex-plus-15.7.1\lib\ltex-ls-plus-18.7.0\lib\morfologik-crh-lt-1.0.1.jar;c:\Users\leost\.vscode\extensions\ltex-plus.vscode-ltex-plus-15.7.1\lib\ltex-ls-plus-18.7.0\lib\morfologik-fsa-2.1.9.jar;c:\Users\leost\.vscode\extensions\ltex-plus.vscode-ltex-plus-15.7.1\lib\ltex-ls-plus-18.7.0\lib\morfologik-fsa-builders-2.1.9.jar;c:\Users\leost\.vscode\extensions\ltex-plus.vscode-ltex-plus-15.7.1\lib\ltex-ls-plus-18.7.0\lib\morfologik-speller-2.1.9.jar;c:\Users\leost\.vscode\extensions\ltex-plus.vscode-ltex-plus-15.7.1\lib\ltex-ls-plus-18.7.0\lib\morfologik-stemming-2.1.9.jar;c:\Users\leost\.vscode\extensions\ltex-plus.vscode-ltex-plus-15.7.1\lib\ltex-ls-plus-18.7.0\lib\morfologik-ukrainian-lt-6.8.0.jar;c:\Users\leost\.vscode\extensions\ltex-plus.vscode-ltex-plus-15.7.1\lib\ltex-ls-plus-18.7.0\lib\morphology-el-1.0.0.jar;c:\Users\leost\.vscode\extensions\ltex-plus.vscode-ltex-plus-15.7.1\lib\ltex-ls-plus-18.7.0\lib\opennlp-chunk-models-1.5.jar;c:\Users\leost\.vscode\extensions\ltex-plus.vscode-ltex-plus-15.7.1\lib\ltex-ls-plus-18.7.0\lib\opennlp-postag-models-1.5.jar;c:\Users\leost\.vscode\extensions\ltex-plus.vscode-ltex-plus-15.7.1\lib\ltex-ls-plus-18.7.0\lib\opennlp-tokenize-models-1.5.jar;c:\Users\leost\.vscode\extensions\ltex-plus.vscode-ltex-plus-15.7.1\lib\ltex-ls-plus-18.7.0\lib\opennlp-tools-1.9.4.jar;c:\Users\leost\.vscode\extensions\ltex-plus.vscode-ltex-plus-15.7.1\lib\ltex-ls-plus-18.7.0\lib\openregex-1.1.1.jar;c:\Users\leost\.vscode\extensions\ltex-plus.vscode-ltex-plus-15.7.1\lib\ltex-ls-plus-18.7.0\lib\opentelemetry-api-1.42.1.jar;c:\Users\leost\.vscode\extensions\ltex-plus.vscode-ltex-plus-15.7.1\lib\ltex-ls-plus-18.7.0\lib\opentelemetry-context-1.42.1.jar;c:\Users\leost\.vscode\extensions\ltex-plus.vscode-ltex-plus-15.7.1\lib\ltex-ls-plus-18.7.0\lib\opentelemetry-semconv-1.30.1-alpha.jar;c:\Users\leost\.vscode\extensions\ltex-plus.vscode-ltex-plus-15.7.1\lib\ltex-ls-plus-18.7.0\lib\org.eclipse.lsp4j-0.24.0.jar;c:\Users\leost\.vscode\extensions\ltex-plus.vscode-ltex-plus-15.7.1\lib\ltex-ls-plus-18.7.0\lib\org.eclipse.lsp4j.jsonrpc-0.24.0.jar;c:\Users\leost\.vscode\extensions\ltex-plus.vscode-ltex-plus-15.7.1\lib\ltex-ls-plus-18.7.0\lib\perfmark-api-0.27.0.jar;c:\Users\leost\.vscode\extensions\ltex-plus.vscode-ltex-plus-15.7.1\lib\ltex-ls-plus-18.7.0\lib\picocli-4.7.7.jar;c:\Users\leost\.vscode\extensions\ltex-plus.vscode-ltex-plus-15.7.1\lib\ltex-ls-plus-18.7.0\lib\portuguese-pos-dict-1.2.0.jar;c:\Users\leost\.vscode\extensions\ltex-plus.vscode-ltex-plus-15.7.1\lib\ltex-ls-plus-18.7.0\lib\proto-google-common-protos-2.59.2.jar;c:\Users\leost\.vscode\extensions\ltex-plus.vscode-ltex-plus-15.7.1\lib\ltex-ls-plus-18.7.0\lib\protobuf-java-3.25.8.jar;c:\Users\leost\.vscode\extensions\ltex-plus.vscode-ltex-plus-15.7.1\lib\ltex-ls-plus-18.7.0\lib\resilience4j-circuitbreaker-1.7.1.jar;c:\Users\leost\.vscode\extensions\ltex-plus.vscode-ltex-plus-15.7.1\lib\ltex-ls-plus-18.7.0\lib\resilience4j-core-1.7.1.jar;c:\Users\leost\.vscode\extensions\ltex-plus.vscode-ltex-plus-15.7.1\lib\ltex-ls-plus-18.7.0\lib\resilience4j-micrometer-1.7.1.jar;c:\Users\leost\.vscode\extensions\ltex-plus.vscode-ltex-plus-15.7.1\lib\ltex-ls-plus-18.7.0\lib\segment-2.0.3.jar;c:\Users\leost\.vscode\extensions\ltex-plus.vscode-ltex-plus-15.7.1\lib\ltex-ls-plus-18.7.0\lib\simpleclient-0.16.0.jar;c:\Users\leost\.vscode\extensions\ltex-plus.vscode-ltex-plus-15.7.1\lib\ltex-ls-plus-18.7.0\lib\simpleclient_common-0.10.0.jar;c:\Users\leost\.vscode\extensions\ltex-plus.vscode-ltex-plus-15.7.1\lib\ltex-ls-plus-18.7.0\lib\simpleclient_guava-0.16.0.jar;c:\Users\leost\.vscode\extensions\ltex-plus.vscode-ltex-plus-15.7.1\lib\ltex-ls-plus-18.7.0\lib\simpleclient_tracer_common-0.16.0.jar;c:\Users\leost\.vscode\extensions\ltex-plus.vscode-ltex-plus-15.7.1\lib\ltex-ls-plus-18.7.0\lib\simpleclient_tracer_otel-0.16.0.jar;c:\Users\leost\.vscode\extensions\ltex-plus.vscode-ltex-plus-15.7.1\lib\ltex-ls-plus-18.7.0\lib\simpleclient_tracer_otel_agent-0.16.0.jar;c:\Users\leost\.vscode\extensions\ltex-plus.vscode-ltex-plus-15.7.1\lib\ltex-ls-plus-18.7.0\lib\slf4j-api-2.0.16.jar;c:\Users\leost\.vscode\extensions\ltex-plus.vscode-ltex-plus-15.7.1\lib\ltex-ls-plus-18.7.0\lib\slf4j-nop-2.0.18.jar;c:\Users\leost\.vscode\extensions\ltex-plus.vscode-ltex-plus-15.7.1\lib\ltex-ls-plus-18.7.0\lib\spanish-pos-dict-2.5.jar;c:\Users\leost\.vscode\extensions\ltex-plus.vscode-ltex-plus-15.7.1\lib\ltex-ls-plus-18.7.0\lib\stax2-api-4.3.0.jar;c:\Users\leost\.vscode\extensions\ltex-plus.vscode-ltex-plus-15.7.1\lib\ltex-ls-plus-18.7.0\lib\txw2-4.0.5.jar;c:\Users\leost\.vscode\extensions\ltex-plus.vscode-ltex-plus-15.7.1\lib\ltex-ls-plus-18.7.0\lib\unit-api-1.0.jar;c:\Users\leost\.vscode\extensions\ltex-plus.vscode-ltex-plus-15.7.1\lib\ltex-ls-plus-18.7.0\lib\uom-lib-common-1.1.jar;c:\Users\leost\.vscode\extensions\ltex-plus.vscode-ltex-plus-15.7.1\lib\ltex-ls-plus-18.7.0\lib\vavr-0.10.2.jar;c:\Users\leost\.vscode\extensions\ltex-plus.vscode-ltex-plus-15.7.1\lib\ltex-ls-plus-18.7.0\lib\vavr-match-0.10.2.jar;c:\Users\leost\.vscode\extensions\ltex-plus.vscode-ltex-plus-15.7.1\lib\ltex-ls-plus-18.7.0\lib\woodstox-core-7.2.0.jar
Launcher Type: SUN_STANDARD

[Global flags]
     intx CICompilerCount                          = 12                                        {product} {ergonomic}
     uint ConcGCThreads                            = 3                                         {product} {ergonomic}
     uint G1ConcRefinementThreads                  = 13                                        {product} {ergonomic}
   size_t G1HeapRegionSize                         = 1048576                                   {product} {ergonomic}
    uintx GCDrainStackTargetSize                   = 64                                        {product} {ergonomic}
   size_t InitialHeapSize                          = 67108864                                  {product} {command line}
   size_t MarkStackSize                            = 4194304                                   {product} {ergonomic}
   size_t MaxHeapSize                              = 2147483648                                {product} {command line}
   size_t MaxNewSize                               = 1287651328                                {product} {ergonomic}
   size_t MinHeapDeltaBytes                        = 1048576                                   {product} {ergonomic}
   size_t MinHeapSize                              = 67108864                                  {product} {command line}
    uintx NonNMethodCodeHeapSize                   = 7602480                                {pd product} {ergonomic}
    uintx NonProfiledCodeHeapSize                  = 122027880                              {pd product} {ergonomic}
    uintx ProfiledCodeHeapSize                     = 122027880                              {pd product} {ergonomic}
    uintx ReservedCodeCacheSize                    = 251658240                              {pd product} {ergonomic}
     bool SegmentedCodeCache                       = true                                      {product} {ergonomic}
   size_t SoftMaxHeapSize                          = 2147483648                             {manageable} {ergonomic}
     bool UseCompressedOops                        = true                           {product lp64_product} {ergonomic}
     bool UseG1GC                                  = true                                      {product} {ergonomic}
     bool UseLargePagesIndividualAllocation        = false                                  {pd product} {ergonomic}

Logging:
Log output configuration:
 #0: stdout all=warning uptime,level,tags foldmultilines=false
 #1: stderr all=off uptime,level,tags foldmultilines=false

Release file:
JAVA_VERSION="21.0.10"
MODULES="java.base java.compiler java.datatransfer java.xml java.prefs java.desktop java.instrument java.logging java.management java.security.sasl java.naming java.rmi java.management.rmi java.net.http java.scripting java.security.jgss java.transaction.xa java.sql java.sql.rowset java.xml.crypto java.se java.smartcardio jdk.accessibility jdk.charsets jdk.crypto.ec jdk.crypto.cryptoki jdk.dynalink jdk.httpserver jdk.incubator.vector jdk.internal.vm.ci jdk.internal.vm.compiler jdk.internal.vm.compiler.management jdk.jdwp.agent jdk.jfr jdk.jsobject jdk.localedata jdk.management jdk.management.agent jdk.naming.dns jdk.naming.rmi jdk.net jdk.nio.mapmode jdk.sctp jdk.security.auth jdk.security.jgss jdk.unsupported jdk.xml.dom jdk.zipfs"

Environment Variables:
JAVA_HOME=c:\Users\leost\.vscode\extensions\ltex-plus.vscode-ltex-plus-15.7.1\lib\ltex-ls-plus-18.7.0\jdk-21.0.10+7
CLASSPATH="c:\Users\leost\.vscode\extensions\ltex-plus.vscode-ltex-plus-15.7.1\lib\ltex-ls-plus-18.7.0"\etc;"c:\Users\leost\.vscode\extensions\ltex-plus.vscode-ltex-plus-15.7.1\lib\ltex-ls-plus-18.7.0\lib"\*
JAVA_OPTS=-Xms64m -Xmx2048m
PATH=C:\Windows\system32;C:\Windows;C:\Windows\System32\Wbem;C:\Windows\System32\WindowsPowerShell\v1.0\;C:\Windows\System32\OpenSSH\;C:\Program Files (x86)\NVIDIA Corporation\PhysX\Common;C:\Program Files\NVIDIA Corporation\NVIDIA NvDLISR;C:\Windows\system32;C:\Windows;C:\Windows\System32\Wbem;C:\Windows\System32\WindowsPowerShell\v1.0\;C:\Windows\System32\OpenSSH\;C:\Program Files\dotnet\;D:\Git LFS;C:\xampp\php;C:\ProgramData\ComposerSetup\bin;cancel;C:\Program Files\nodejs;cancel;C:\Program Files\nodejs;C:\Program Files\PostgreSQL\15\bin;D:\Git\cmd;D:\Git LFS\Git LFS;C:\Program Files\GitHub CLI\;D:\MSYS2\ucrt64\bin;C:\Users\leost\AppData\Local\Programs\Python\Python312\Scripts\;C:\Users\leost\AppData\Local\Programs\Python\Python312\;C:\Users\leost\AppData\Local\Programs\Python\Launcher\;C:\Users\leost\.cargo\bin;C:\Users\leost\AppData\Local\Microsoft\WindowsApps;D:\Microsoft VS Code\bin;C:\Users\leost\AppData\Roaming\Composer\vendor\bin;C:\Users\leost\AppData\Local\Muse Hub\lib;C:\Users\leost\AppData\Local\nvm;C:\nvm4w\nodejs;D:\cursor\resources\app\bin;C:\Users\leost\.local\bin;C:\Users\leost\AppData\Local\Microsoft\WinGet\Packages\astral-sh.uv_Microsoft.Winget.Source_8wekyb3d8bbwe;C:\Users\leost\.dotnet\tools
USERNAME=leost
OS=Windows_NT
PROCESSOR_IDENTIFIER=AMD64 Family 25 Model 80 Stepping 0, AuthenticAMD
TMP=C:\Users\leost\AppData\Local\Temp
TEMP=C:\Users\leost\AppData\Local\Temp




Periodic native trim disabled

---------------  S Y S T E M  ---------------

OS:
 Windows 11 , 64 bit Build 22621 (10.0.22621.5415)
OS uptime: 1 days 2:24 hours
Hyper-V role detected

CPU: total 16 (initial active 16) (16 cores per cpu, 2 threads per core) family 25 model 80 stepping 0 microcode 0x0, cx8, cmov, fxsr, ht, mmx, 3dnowpref, sse, sse2, sse3, ssse3, sse4a, sse4.1, sse4.2, popcnt, lzcnt, tsc, tscinvbit, avx, avx2, aes, erms, clmul, bmi1, bmi2, adx, sha, fma, vzeroupper, clflush, clflushopt, hv, rdtscp, rdpid, fsrm, f16c, cet_ss
Processor Information for the first 16 processors :
  Max Mhz: 3201, Current Mhz: 3201, Mhz Limit: 3201

Memory: 4k page, system-wide physical 15775M (242M free)
TotalPageFile size 30352M (AvailPageFile size 84M)
current process WorkingSet (physical memory assigned to process): 643M, peak: 645M
current process commit charge ("private bytes"): 697M, peak: 890M

vm_info: OpenJDK 64-Bit Server VM (21.0.10+7-LTS) for windows-amd64 JRE (21.0.10+7-LTS), built on 2026-01-20T00:00:00Z by "admin" with MS VC++ 17.12 (VS2022)

END.
